service_date,mode,route_or_line,total_monthly_weekday_ridership,average_monthly_weekday_ridersh,countofdates_weekday,total_monthly_ridership,average_monthly_ridership,countofdates,ObjectId
2016/01/01 05:00:00+00,Rail,Blue Line,1145383,60283,19,1570201,50652,31,1
2016/01/01 05:00:00+00,Ferry,Boat-F1,59503,2975,20,,,31,2
2016/01/01 05:00:00+00,Ferry,Boat-F3,16191,810,20,,,31,3
2016/01/01 05:00:00+00,Ferry,Boat-F4,8172,409,20,,,31,4
2016/01/01 05:00:00+00,Bus,Bus,6985521,367659,19,8225148,265328,31,5
2016/01/01 05:00:00+00,Commuter Rail,Commuter Rail,2827718,134653,21,2794459,90144,31,6
2016/01/01 05:00:00+00,Rail,Green Line,3417417,179864,19,4737150,152811,31,7
2016/01/01 05:00:00+00,Rail,Orange Line,4094142,215481,19,5277916,170255,31,8
2016/01/01 05:00:00+00,Rail,Red Line,4696897,247205,19,6000298,193558,31,9
2016/01/01 05:00:00+00,Bus,Silver Line,669761,35251,19,772265,24912,31,10
2016/01/01 05:00:00+00,The RIDE,The RIDE,113748,5987,19,173378,5593,31,11
2016/02/01 05:00:00+00,Rail,Blue Line,1223715,61186,20,1517324,52322,29,12
2016/02/01 05:00:00+00,Ferry,Boat-F1,58596,2790,21,,,29,13
2016/02/01 05:00:00+00,Ferry,Boat-F3,16811,841,20,,,29,14
2016/02/01 05:00:00+00,Ferry,Boat-F4,8539,427,20,,,29,15
2016/02/01 05:00:00+00,Bus,Bus,7469019,373451,20,8191566,282468,29,16
2016/02/01 05:00:00+00,Commuter Rail,Commuter Rail,2615220,124534,21,2584080,89106,29,17
2016/02/01 05:00:00+00,Rail,Green Line,3813404,190670,20,4817192,166110,29,18
2016/02/01 05:00:00+00,Rail,Orange Line,4360890,218045,20,5222213,180076,29,19
2016/02/01 05:00:00+00,Rail,Red Line,5081211,254061,20,6094219,210145,29,20
2016/02/01 05:00:00+00,Bus,Silver Line,730265,36513,20,734150,25316,29,21
2016/02/01 05:00:00+00,The RIDE,The RIDE,113282,5664,20,165757,5716,29,22
2016/03/01 05:00:00+00,Rail,Blue Line,1472440,64019,23,1756951.6,56676,31,23
2016/03/01 05:00:00+00,Ferry,Boat-F1,67941,2954,23,,,31,24
2016/03/01 05:00:00+00,Ferry,Boat-F3,20169,877,23,,,31,25
2016/03/01 05:00:00+00,Ferry,Boat-F4,13081,569,23,,,31,26
2016/03/01 05:00:00+00,Bus,Bus,8679363,377364,23,9456633,305052,31,27
2016/03/01 05:00:00+00,Commuter Rail,Commuter Rail,3084894,134126,23,3048753,98347,31,28
2016/03/01 05:00:00+00,Rail,Green Line,4499554,195633,23,5413830.470000004,174640,31,29
2016/03/01 05:00:00+00,Rail,Orange Line,5092407,221409,23,5893406.28,190110,31,30
2016/03/01 05:00:00+00,Rail,Red Line,5992503,260544,23,6926056,223421,31,31
2016/03/01 05:00:00+00,Bus,Silver Line,901662,39203,23,833048,26873,31,32
2016/03/01 05:00:00+00,The RIDE,The RIDE,137440,5976,23,194761,6283,31,33
2016/04/01 04:00:00+00,Rail,Blue Line,1414182,67342,21,1772106.8,59070,30,34
2016/04/01 04:00:00+00,Ferry,Boat-F1,65615,3125,21,,,30,35
2016/04/01 04:00:00+00,Ferry,Boat-F3,20486,976,21,,,30,36
2016/04/01 04:00:00+00,Ferry,Boat-F4,16274,775,21,,,30,37
2016/04/01 04:00:00+00,Bus,Bus,6231752,389485,16,8822203,294073,30,38
2016/04/01 04:00:00+00,Commuter Rail,Commuter Rail,2732306,130110,21,2699878,89996,30,39
2016/04/01 04:00:00+00,Rail,Green Line,4384568,208789,21,5588800.44,186293,30,40
2016/04/01 04:00:00+00,Rail,Orange Line,4643144,221102,21,5577146.75,185905,30,41
2016/04/01 04:00:00+00,Rail,Red Line,5533494,263500,21,6621164,220705,30,42
2016/04/01 04:00:00+00,Bus,Silver Line,650905,40682,16,823949,27465,30,43
2016/04/01 04:00:00+00,The RIDE,The RIDE,125259,5965,21,182090,6070,30,44
2016/05/01 04:00:00+00,Rail,Blue Line,1419431,67592,21,1798362.1,58012,31,45
2016/05/01 04:00:00+00,Ferry,Boat-F1,69197,3295,21,,,31,46
2016/05/01 04:00:00+00,Ferry,Boat-F3,21414,1020,21,,,31,47
2016/05/01 04:00:00+00,Ferry,Boat-F4,20506,976,21,,,31,48
2016/05/01 04:00:00+00,Bus,Bus,8092982,385380,21,8963275,289138,31,49
2016/05/01 04:00:00+00,Commuter Rail,Commuter Rail,2656886,120768,22,2625761,84702,31,50
2018/04/01 04:00:00+00,Ferry,Boat-F4,16250,739,22,,,30,51
2018/04/01 04:00:00+00,Bus,Bus,7209477,343308,21,8658518,288617,30,52
2018/04/01 04:00:00+00,Commuter Rail,Commuter Rail,2530649,120507,21,2668943,88965,30,53
2018/04/01 04:00:00+00,Rail,Green Line,3893609,185410,21,4921868.37,164062,30,54
2018/04/01 04:00:00+00,Rail,Orange Line,4429086,210909,21,5279512.55,175984,30,55
2018/04/01 04:00:00+00,Rail,Red Line,5296118,252196,21,6259564.5,208652,30,56
2018/04/01 04:00:00+00,Bus,Silver Line,745154,35484,21,923508,30784,30,57
2018/04/01 04:00:00+00,The RIDE,The RIDE,138743,6607,21,166817,5561,30,58
2018/05/01 04:00:00+00,Rail,Blue Line,1564973,71135,22,1914307,61752,31,59
2018/05/01 04:00:00+00,Ferry,Boat-F1,75002,3409,22,,,31,60
2018/05/01 04:00:00+00,Ferry,Boat-F3,27552,1252,22,,,31,61
2018/05/01 04:00:00+00,Ferry,Boat-F4,25990,1181,22,,,31,62
2018/05/01 04:00:00+00,Bus,Bus,7862668,357394,22,9326564,300857,31,63
2018/05/01 04:00:00+00,Commuter Rail,Commuter Rail,2682524,121933,22,2816936,90869,31,64
2018/05/01 04:00:00+00,Rail,Green Line,3935310,178878,22,4823941.53,155611,31,65
2018/05/01 04:00:00+00,Rail,Orange Line,4686529,213024,22,5496140.63,177295,31,66
2018/05/01 04:00:00+00,Rail,Red Line,5632748,256034,22,6594259.6,212718,31,67
2018/05/01 04:00:00+00,Bus,Silver Line,817296,37150,22,988227,31878,31,68
2018/05/01 04:00:00+00,The RIDE,The RIDE,146907,6678,22,173029,5582,31,69
2018/06/01 04:00:00+00,Rail,Blue Line,1506127,71720,21,1886056.7,62869,30,70
2018/06/01 04:00:00+00,Ferry,Boat-F1,76176,3627,21,,,30,71
2018/06/01 04:00:00+00,Ferry,Boat-F3,33925,1615,21,,,30,72
2018/06/01 04:00:00+00,Ferry,Boat-F4,31816,1515,21,,,30,73
2018/06/01 04:00:00+00,Bus,Bus,7274606,346410,21,8779719,292657,30,74
2018/06/01 04:00:00+00,Commuter Rail,Commuter Rail,2581136,122911,21,2723772,90792,30,75
2018/06/01 04:00:00+00,Rail,Green Line,3749827,178563,21,4689139.109999999,156305,30,76
2018/06/01 04:00:00+00,Rail,Orange Line,4439933,211425,21,5294947.75,176498,30,77
2018/06/01 04:00:00+00,Rail,Red Line,5337791,254181,21,6378249.9,212608,30,78
2018/06/01 04:00:00+00,Bus,Silver Line,784891,37376,21,968609,32287,30,79
2018/06/01 04:00:00+00,The RIDE,The RIDE,136637,6507,21,164448,5482,30,80
2018/07/01 04:00:00+00,Rail,Blue Line,1452009,69143,21,1871505,60371,31,81
2018/07/01 04:00:00+00,Bus,Bus,6996749,333178,21,8429273,271912,31,82
2018/07/01 04:00:00+00,Commuter Rail,Commuter Rail,2545179,121199,21,2583913,83352,31,83
2018/07/01 04:00:00+00,Ferry,Ferry,153951,7331,21,193685,6248,31,84
2018/07/01 04:00:00+00,Rail,Green Line,3841351,182921,21,4854824,156607,31,85
2018/07/01 04:00:00+00,Rail,Orange Line,4165306,198348,21,5029552,162244,31,86
2018/07/01 04:00:00+00,Rail,Red Line,5329350,253779,21,6407474,206693,31,87
2018/07/01 04:00:00+00,Bus,Silver Line,789279,37585,21,992776,32025,31,88
2018/07/01 04:00:00+00,The RIDE,The RIDE,125643,5983,21,157641,5085,31,89
2018/08/01 04:00:00+00,Rail,Blue Line,1518965,66042,23,1823972,58838,31,90
2018/08/01 04:00:00+00,Bus,Bus,7627749,331641,23,8799709,283861,31,91
2018/08/01 04:00:00+00,Commuter Rail,Commuter Rail,2786013,121131,23,2728907,88029,31,92
2018/08/01 04:00:00+00,Ferry,Ferry,163576,7112,23,186413,6013,31,93
2018/08/01 04:00:00+00,Rail,Green Line,3988710,173422,23,4778718,154152,31,94
2018/08/01 04:00:00+00,Rail,Orange Line,4413265,191881,23,5057984,163161,31,95
2018/08/01 04:00:00+00,Rail,Red Line,5659742,246076,23,6473801,208832,31,96
2018/08/01 04:00:00+00,Bus,Silver Line,859521,37370,23,1030473,33241,31,97
2018/08/01 04:00:00+00,The RIDE,The RIDE,137609,5983,23,164388,5303,31,98
2018/09/01 04:00:00+00,Rail,Blue Line,1316782,69304,19,1758284,58609,30,99
2018/09/01 04:00:00+00,Bus,Bus,7006441,368760,19,8712407,290414,30,100
2016/05/01 04:00:00+00,Rail,Green Line,4093428,194925,21,5218357.73,168334,31,101
2016/05/01 04:00:00+00,Rail,Orange Line,4590972,218618,21,5499944.35,177418,31,102
2016/05/01 04:00:00+00,Rail,Red Line,5508919,262329,21,6669505.5,215145,31,103
2016/05/01 04:00:00+00,Bus,Silver Line,783259,37298,21,804812,25962,31,104
2016/05/01 04:00:00+00,The RIDE,The RIDE,127655,6079,21,187396,6045,31,105
2016/06/01 04:00:00+00,Rail,Blue Line,1539983,69999,22,1863377.2,62113,30,106
2016/06/01 04:00:00+00,Ferry,Boat-F1,81229,3692,22,,,30,107
2016/06/01 04:00:00+00,Ferry,Boat-F3,29310,1332,22,,,30,108
2016/06/01 04:00:00+00,Ferry,Boat-F4,31345,1425,22,,,30,109
2016/06/01 04:00:00+00,Bus,Bus,8606097,391186,22,8630546,287685,30,110
2016/06/01 04:00:00+00,Commuter Rail,Commuter Rail,3112409,141473,22,3017496,100583,30,111
2017/07/01 04:00:00+00,Bus,Bus,6928955,329950,21,8661443,279401,31,112
2016/06/01 04:00:00+00,Rail,Green Line,4330894,196859,22,5244417.55,174814,30,113
2016/06/01 04:00:00+00,Rail,Orange Line,4817580,218981,22,5521626.770000001,184054,30,114
2016/06/01 04:00:00+00,Rail,Red Line,5842170,265553,22,6800531.8,226684,30,115
2017/07/01 04:00:00+00,Commuter Rail,Commuter Rail,2698676,134934,20,2644878,85319,31,116
2016/06/01 04:00:00+00,Bus,Silver Line,845464,38430,22,811355,27045,30,117
2017/07/01 04:00:00+00,Rail,Green Line,3626476,181324,20,4821551.930000003,155534,31,118
2016/06/01 04:00:00+00,The RIDE,The RIDE,159519,7251,22,188291,6276,30,119
2017/07/01 04:00:00+00,Rail,Orange Line,4067013,203351,20,5096206.17,164394,31,120
2016/07/01 04:00:00+00,Rail,Blue Line,1396052,69803,20,1874643.1,60472,31,121
2017/07/01 04:00:00+00,Rail,Red Line,5145860,257293,20,6456710.2,208281,31,122
2016/07/01 04:00:00+00,Ferry,Boat-F1,74280,3714,20,,,31,123
2017/07/01 04:00:00+00,Bus,Silver Line,760559,36217,21,944674,30473,31,124
2016/07/01 04:00:00+00,Ferry,Boat-F3,32939,1647,20,,,31,125
2017/07/01 04:00:00+00,The RIDE,The RIDE,128361,6418,20,160754,5186,31,126
2016/07/01 04:00:00+00,Ferry,Boat-F4,35464,1773,20,,,31,127
2017/07/01 04:00:00+00,Rail,Blue Line,1389657,69483,20,1882494.5,60726,31,128
2016/07/01 04:00:00+00,Bus,Bus,7105389,355269,20,8033226,259136,31,129
2017/07/01 04:00:00+00,Ferry,Boat-F1,70720,3536,20,,,31,130
2016/07/01 04:00:00+00,Commuter Rail,Commuter Rail,2818964,134236,21,2745416,88562,31,131
2017/08/01 04:00:00+00,Rail,Blue Line,1577814,68601,23,1910350.2,61624,31,132
2016/07/01 04:00:00+00,Rail,Green Line,3900944,195047,20,5174400.41,166916,31,133
2017/08/01 04:00:00+00,Ferry,Boat-F1,82468,3586,23,,,31,134
2016/07/01 04:00:00+00,Rail,Orange Line,4195955,209798,20,5228146.4,168650,31,135
2017/08/01 04:00:00+00,Ferry,Boat-F3,43125,1875,23,,,31,136
2016/07/01 04:00:00+00,Rail,Red Line,5234462,261723,20,6477897,208964,31,137
2017/08/01 04:00:00+00,Ferry,Boat-F4,36977,1849,20,,,31,138
2016/07/01 04:00:00+00,Bus,Silver Line,744914,37246,20,784384,25303,31,139
2017/08/01 04:00:00+00,Bus,Bus,7518350,326885,23,8927405,287981,31,140
2016/07/01 04:00:00+00,The RIDE,The RIDE,136282,6814,20,171166,5521,31,141
2017/08/01 04:00:00+00,Commuter Rail,Commuter Rail,2867065,124655,23,2926175,94393,31,142
2016/08/01 04:00:00+00,Rail,Blue Line,1546388,67234,23,1878964.3,60612,31,143
2017/08/01 04:00:00+00,Rail,Green Line,3982377,173147,23,4792516.38,154597,31,144
2016/08/01 04:00:00+00,Ferry,Boat-F1,84757,3685,23,,,31,145
2017/08/01 04:00:00+00,Rail,Orange Line,4586310,199405,23,5326273.46,171815,31,146
2016/08/01 04:00:00+00,Ferry,Boat-F3,39028,1697,23,,,31,147
2017/08/01 04:00:00+00,Rail,Red Line,5763699,250596,23,6692491.4,215887,31,148
2016/08/01 04:00:00+00,Ferry,Boat-F4,35787,1556,23,,,31,149
2017/08/01 04:00:00+00,Bus,Silver Line,788706,34292,23,932853,30092,31,150
2016/08/01 04:00:00+00,Bus,Bus,8052127,350092,23,8439378,272238,31,151
2017/08/01 04:00:00+00,The RIDE,The RIDE,149390,6495,23,173923,5610,31,152
2016/08/01 04:00:00+00,Commuter Rail,Commuter Rail,3014604,131070,23,3025705,97603,31,153
2017/09/01 04:00:00+00,Rail,Blue Line,1434393,71720,20,1843973.6,61466,30,154
2016/08/01 04:00:00+00,Rail,Green Line,4194421,182366,23,5096701.95,164410,31,155
2017/09/01 04:00:00+00,Ferry,Boat-F1,69395,3470,20,,,30,156
2016/08/01 04:00:00+00,Rail,Orange Line,4652556,202285,23,5350433.52,172595,31,157
2017/09/01 04:00:00+00,Ferry,Boat-F3,25149,1257,20,,,30,158
2017/09/01 04:00:00+00,Ferry,Boat-F4,26195,1310,20,,,30,159
2016/08/01 04:00:00+00,Rail,Red Line,5736716,249422,23,6650790,214542,31,160
2017/09/01 04:00:00+00,Bus,Bus,7400408,370020,20,9089873,302995,30,161
2016/08/01 04:00:00+00,Bus,Silver Line,823347,35798,23,819733,26443,31,162
2017/09/01 04:00:00+00,Commuter Rail,Commuter Rail,2526284,126314,20,3193780,106459,30,163
2016/08/01 04:00:00+00,The RIDE,The RIDE,156522,6805,23,182857,5899,31,164
2017/09/01 04:00:00+00,Rail,Green Line,3968313,198416,20,5179945.72,172665,30,165
2016/09/01 04:00:00+00,Rail,Blue Line,1468332,69921,21,1834012,61134,30,166
2017/09/01 04:00:00+00,Rail,Orange Line,4413644,220682,20,5334998.9,177833,30,167
2016/09/01 04:00:00+00,Ferry,Boat-F1,71201,3236,22,,,30,168
2017/09/01 04:00:00+00,Rail,Red Line,5385669,269283,20,6584520.4,219484,30,169
2016/09/01 04:00:00+00,Ferry,Boat-F3,25186,1145,22,,,30,170
2017/09/01 04:00:00+00,Bus,Silver Line,663795,33190,20,837035,27901,30,171
2016/09/01 04:00:00+00,Ferry,Boat-F4,23333,1061,22,,,30,172
2017/09/01 04:00:00+00,The RIDE,The RIDE,132680,6634,20,162389,5413,30,173
2016/09/01 04:00:00+00,Bus,Bus,8186778,389847,21,8762282,292076,30,174
2017/10/01 04:00:00+00,Rail,Blue Line,1557261,70785,22,1912476.3,61693,31,175
2016/09/01 04:00:00+00,Commuter Rail,Commuter Rail,2830550,128661,22,2830550,94352,30,176
2017/10/01 04:00:00+00,Ferry,Boat-F1,75904,3450,22,,,31,177
2016/09/01 04:00:00+00,Rail,Green Line,4251458,202450,21,5365164.31,178839,30,178
2017/10/01 04:00:00+00,Ferry,Boat-F3,25444,1157,22,,,31,179
2016/09/01 04:00:00+00,Rail,Orange Line,4665536,222168,21,5543596.88,184787,30,180
2017/10/01 04:00:00+00,Ferry,Boat-F4,26442,1202,22,,,31,181
2016/09/01 04:00:00+00,Rail,Red Line,5665667,269794,21,6750190.4,225006,30,182
2017/10/01 04:00:00+00,Bus,Bus,8050056,365912,22,9612888,310094,31,183
2016/09/01 04:00:00+00,Bus,Silver Line,724110,34481,21,760686,25356,30,184
2017/10/01 04:00:00+00,Commuter Rail,Commuter Rail,2756480,125295,22,2897360,93463,31,185
2016/09/01 04:00:00+00,The RIDE,The RIDE,150322,7158,21,179775,5993,30,186
2017/10/01 04:00:00+00,Rail,Green Line,4169401,189518,22,5182655.649999999,167182,31,187
2016/10/01 04:00:00+00,Ferry,Boat-F1,69678,3318,21,,,31,188
2017/10/01 04:00:00+00,Rail,Orange Line,4835976,219817,22,5664755.39,182734,31,189
2017/10/01 04:00:00+00,Rail,Red Line,5871799,266900,22,6841413,220691,31,190
2017/10/01 04:00:00+00,Bus,Silver Line,747702,33986,22,900333,29043,31,191
2017/10/01 04:00:00+00,The RIDE,The RIDE,145884,6631,22,173074,5583,31,192
2017/11/01 04:00:00+00,Rail,Blue Line,1407959,67046,21,1716223.8,57207,30,193
2017/11/01 04:00:00+00,Ferry,Boat-F1,67869,3232,21,,,30,194
2017/11/01 04:00:00+00,Ferry,Boat-F3,21466,1022,21,,,30,195
2017/11/01 04:00:00+00,Ferry,Boat-F4,15229,725,21,,,30,196
2017/11/01 04:00:00+00,Bus,Bus,7376706,351272,21,8778394,292614,30,197
2017/11/01 04:00:00+00,Commuter Rail,Commuter Rail,2593976,123523,21,2727852,90928,30,198
2017/11/01 04:00:00+00,Rail,Green Line,3844086,183052,21,4716823.91,157227,30,199
2017/11/01 04:00:00+00,Rail,Orange Line,4416335,210302,21,5110791.91,170360,30,200
2017/02/01 05:00:00+00,Rail,Orange Line,3856132,202954,19,4650823.83,166101,28,201
2017/02/01 05:00:00+00,Rail,Red Line,4668384,245704,19,5677125,202754,28,202
2017/02/01 05:00:00+00,Bus,Silver Line,603358,31756,19,612411,21872,28,203
2018/09/01 04:00:00+00,Commuter Rail,Commuter Rail,2196400,115600,19,2368814,78960,30,204
2017/02/01 05:00:00+00,The RIDE,The RIDE,122620,6454,19,150605,5379,28,205
2017/03/01 05:00:00+00,Rail,Blue Line,1425951,61998,23,1675964.7,54063,31,206
2018/09/01 04:00:00+00,Ferry,Ferry,127167,6693,19,143096,4770,30,207
2017/03/01 05:00:00+00,Ferry,Boat-F1,66563,2894,23,,,31,208
2018/09/01 04:00:00+00,Rail,Green Line,3775272,198699,19,5086612,169554,30,209
2017/03/01 05:00:00+00,Ferry,Boat-F3,19191,834,23,,,31,210
2018/09/01 04:00:00+00,Rail,Orange Line,4010994,211105,19,4949573,164986,30,211
2017/03/01 05:00:00+00,Ferry,Boat-F4,11808,513,23,,,31,212
2018/09/01 04:00:00+00,Rail,Red Line,5051807,265885,19,6277034,209234,30,213
2017/03/01 05:00:00+00,Bus,Bus,7823065,340133,23,8595017,277259,31,214
2018/09/01 04:00:00+00,Bus,Silver Line,703816,37043,19,933496,31117,30,215
2017/03/01 05:00:00+00,Commuter Rail,Commuter Rail,2742436,119236,23,3037902,97997,31,216
2018/09/01 04:00:00+00,The RIDE,The RIDE,115938,6102,19,152111,5070,30,217
2017/03/01 05:00:00+00,Rail,Green Line,4189865,182168,23,5004618.609999999,161439,31,218
2018/10/01 04:00:00+00,Rail,Blue Line,1602965,69694,23,1900843,61318,31,219
2017/03/01 05:00:00+00,Rail,Orange Line,4697647,204246,23,5382112.319999999,173617,31,220
2018/10/01 04:00:00+00,Bus,Bus,8486193,368964,23,9665944,311805,31,221
2017/03/01 05:00:00+00,Rail,Red Line,5718230,248619,23,6541686.4,211022,31,222
2018/10/01 04:00:00+00,Commuter Rail,Commuter Rail,2803355,121885,23,2822675,91054,31,223
2017/03/01 05:00:00+00,Bus,Silver Line,770216,33488,23,763541,24630,31,224
2018/10/01 04:00:00+00,Ferry,Ferry,138989,6043,23,141487,4564,31,225
2017/03/01 05:00:00+00,The RIDE,The RIDE,157978,6869,23,183220,5910,31,226
2018/10/01 04:00:00+00,Rail,Green Line,4615929,200693,23,5543461,178821,31,227
2017/04/01 04:00:00+00,Rail,Blue Line,1342105,67105,20,1727232,57574,30,228
2018/10/01 04:00:00+00,Rail,Orange Line,4940089,214786,23,5581553,180050,31,229
2017/04/01 04:00:00+00,Ferry,Boat-F1,61364,3068,20,,,30,230
2018/10/01 04:00:00+00,Rail,Red Line,6199732,269554,23,7087303,228623,31,231
2017/04/01 04:00:00+00,Ferry,Boat-F3,19804,990,20,,,30,232
2018/10/01 04:00:00+00,Bus,Silver Line,879936,38258,23,1032751,33315,31,233
2017/04/01 04:00:00+00,Ferry,Boat-F4,18395,920,20,,,30,234
2018/10/01 04:00:00+00,The RIDE,The RIDE,144141,6267,23,167413,5400,31,235
2017/04/01 04:00:00+00,Bus,Bus,6911721,345586,20,8098478,269949,30,236
2017/04/01 04:00:00+00,Commuter Rail,Commuter Rail,2438211,121911,20,2657512,88584,30,237
2017/04/01 04:00:00+00,Rail,Green Line,3984404,199220,20,5224940.659999999,174165,30,238
2017/04/01 04:00:00+00,Rail,Orange Line,4274634,213732,20,5249508.57,174984,30,239
2017/04/01 04:00:00+00,Rail,Red Line,5240524,262026,20,6434563.4,214485,30,240
2017/04/01 04:00:00+00,Bus,Silver Line,681787,34089,20,701721,23391,30,241
2017/04/01 04:00:00+00,The RIDE,The RIDE,141060,7053,20,173945,5798,30,242
2017/05/01 04:00:00+00,Rail,Blue Line,1478593,67209,22,1809394.9,58368,31,243
2017/05/01 04:00:00+00,Ferry,Boat-F1,82776,3942,21,,,31,244
2017/05/01 04:00:00+00,Ferry,Boat-F3,22938,1092,21,,,31,245
2017/05/01 04:00:00+00,Ferry,Boat-F4,19460,927,21,,,31,246
2017/05/01 04:00:00+00,Bus,Bus,7945266,361148,22,8817889,284448,31,247
2017/05/01 04:00:00+00,Commuter Rail,Commuter Rail,2674877,121585,22,2814199,90781,31,248
2017/05/01 04:00:00+00,Rail,Green Line,4038854,183584,22,4975702.79,160507,31,249
2017/05/01 04:00:00+00,Rail,Orange Line,4659776,211808,22,5475147.72,176618,31,250
2017/05/01 04:00:00+00,Rail,Red Line,5727275,260331,22,6744238.7,217556,31,251
2017/05/01 04:00:00+00,Bus,Silver Line,777612,35346,22,650810,20994,31,252
2017/05/01 04:00:00+00,The RIDE,The RIDE,154184,7008,22,181906,5868,31,253
2017/06/01 04:00:00+00,Rail,Blue Line,1550598,70482,22,1903550.2,63452,30,254
2017/06/01 04:00:00+00,Ferry,Boat-F1,47836,2174,22,,,30,255
2017/06/01 04:00:00+00,Ferry,Boat-F3,34252,1557,22,,,30,256
2017/06/01 04:00:00+00,Ferry,Boat-F4,36868,1676,22,,,30,257
2017/06/01 04:00:00+00,Bus,Bus,7767119,353051,22,8478556,282619,30,258
2017/06/01 04:00:00+00,Commuter Rail,Commuter Rail,2779103,126323,22,2907036,96901,30,259
2017/06/01 04:00:00+00,Rail,Green Line,4161011,189137,22,5088512.49,169617,30,260
2017/06/01 04:00:00+00,Rail,Orange Line,4672258,212375,22,5485035.09,182835,30,261
2017/06/01 04:00:00+00,Rail,Red Line,5740125,260915,22,6734743.2,224491,30,262
2017/06/01 04:00:00+00,Bus,Silver Line,766039,34820,22,682274,22742,30,263
2017/06/01 04:00:00+00,The RIDE,The RIDE,148220,6737,22,173629,5788,30,264
2017/07/01 04:00:00+00,Ferry,Boat-F3,35222,1761,20,,,31,265
2017/07/01 04:00:00+00,Ferry,Boat-F4,30236,1512,20,,,31,266
2018/11/01 04:00:00+00,Rail,Blue Line,1364516,64977,21,1658350,55278,30,267
2018/11/01 04:00:00+00,Bus,Bus,7337003,349382,21,8531719,284390,30,268
2018/11/01 04:00:00+00,Commuter Rail,Commuter Rail,2551332,121492,21,2593497,86450,30,269
2018/11/01 04:00:00+00,Ferry,Ferry,106344,5064,21,106346,3545,30,270
2018/11/01 04:00:00+00,Rail,Green Line,3860535,183835,21,4710656,157022,30,271
2018/11/01 04:00:00+00,Rail,Orange Line,4236739,201749,21,4950758,165025,30,272
2018/11/01 04:00:00+00,Rail,Red Line,5305597,252647,21,6120446,204015,30,273
2018/11/01 04:00:00+00,Bus,Silver Line,798509,38024,21,965165,32172,30,274
2018/11/01 04:00:00+00,The RIDE,The RIDE,130303,6205,21,157104,5237,30,275
2018/12/01 05:00:00+00,Rail,Blue Line,1190476,59524,20,1534083,49487,31,276
2018/12/01 05:00:00+00,Bus,Bus,6369331,318466,20,7813360,252043,31,277
2018/12/01 05:00:00+00,Commuter Rail,Commuter Rail,2425720,121286,20,2503021,80743,31,278
2018/12/01 05:00:00+00,Ferry,Ferry,89680,4484,20,89666,2892,31,279
2018/12/01 05:00:00+00,Rail,Green Line,3248487,162424,20,4190922,135191,31,280
2018/12/01 05:00:00+00,Rail,Orange Line,3601484,180074,20,4457194,143780,31,281
2018/12/01 05:00:00+00,Rail,Red Line,4451265,222563,20,5414553,174663,31,282
2018/12/01 05:00:00+00,Bus,Silver Line,659334,32967,20,848093,27358,31,283
2018/12/01 05:00:00+00,The RIDE,The RIDE,115000,5750,20,150696,4861,31,284
2019/01/01 05:00:00+00,Rail,Blue Line,1278062,60860,21,1606484,51822,31,285
2019/01/01 05:00:00+00,Bus,Bus,7128485,339452,21,8251367,266173,31,286
2019/01/01 05:00:00+00,Commuter Rail,Commuter Rail,2536128,120768,21,2705418,87272,31,287
2019/01/01 05:00:00+00,Ferry,Ferry,96936,4616,21,101561,3276,31,288
2019/01/01 05:00:00+00,Rail,Green Line,3539303,168538,21,4442494,143306,31,289
2019/01/01 05:00:00+00,Rail,Orange Line,4018096,191338,21,4825535,155662,31,290
2019/01/01 05:00:00+00,Rail,Red Line,4977090,237004,21,5934838,191446,31,291
2019/01/01 05:00:00+00,Bus,Silver Line,728626,34696,21,911709,29410,31,292
2019/01/01 05:00:00+00,The RIDE,The RIDE,119049,5669,21,150235,4846,31,293
2019/02/01 05:00:00+00,Rail,Blue Line,1188179,62536,19,1474714,52668,28,294
2019/02/01 05:00:00+00,Bus,Bus,6564028,345475,19,7725803,275922,28,295
2019/02/01 05:00:00+00,Commuter Rail,Commuter Rail,2318133,122007,19,2384857,85173,28,296
2019/02/01 05:00:00+00,Ferry,Ferry,87685,4615,19,94082,3360,28,297
2019/02/01 05:00:00+00,Rail,Green Line,3427318,180385,19,4278179,152792,28,298
2019/02/01 05:00:00+00,Rail,Orange Line,3750436,197391,19,4478618,159951,28,299
2019/02/01 05:00:00+00,Rail,Red Line,4758082,250425,19,5594678,199810,28,300
2016/10/01 04:00:00+00,Ferry,Boat-F3,22053,1050,21,,,31,301
2016/10/01 04:00:00+00,Ferry,Boat-F4,22379,1066,21,,,31,302
2016/10/01 04:00:00+00,Bus,Bus,7676816,383841,20,8712708,281055,31,303
2016/10/01 04:00:00+00,Commuter Rail,Commuter Rail,2845193,135485,21,2850318,91946,31,304
2016/10/01 04:00:00+00,Rail,Green Line,4204618,200220,21,5406758.75,174412,31,305
2016/10/01 04:00:00+00,Rail,Orange Line,4614199,219724,21,5581443.8,180047,31,306
2016/10/01 04:00:00+00,Rail,Red Line,5620051,267621,21,6774528.1,218533,31,307
2016/10/01 04:00:00+00,Bus,Silver Line,715177,35759,20,777673,25086,31,308
2016/10/01 04:00:00+00,The RIDE,The RIDE,148136,7054,21,180972,5838,31,309
2016/10/01 04:00:00+00,Rail,Blue Line,1442037,68668,21,1822732,58798,31,310
2016/11/01 04:00:00+00,Rail,Blue Line,1381174,65770,21,1695374.6,56512,30,311
2016/11/01 04:00:00+00,Ferry,Boat-F1,66818,3182,21,,,30,312
2016/11/01 04:00:00+00,Ferry,Boat-F3,20214,963,21,,,30,313
2016/11/01 04:00:00+00,Ferry,Boat-F4,13222,630,21,,,30,314
2016/11/01 04:00:00+00,Bus,Bus,7403080,370154,20,8321161,277372,30,315
2016/11/01 04:00:00+00,Commuter Rail,Commuter Rail,2760800,125491,22,2775855,92529,30,316
2016/11/01 04:00:00+00,Rail,Green Line,3999842,190469,21,4949912.35,164997,30,317
2016/11/01 04:00:00+00,Rail,Orange Line,4462162,212484,21,5257746.859999999,175258,30,318
2016/11/01 04:00:00+00,Rail,Red Line,5379346,256159,21,6283477.2,209449,30,319
2016/11/01 04:00:00+00,Bus,Silver Line,683466,34173,20,704047,23468,30,320
2016/11/01 04:00:00+00,The RIDE,The RIDE,147798,7038,21,178721,5957,30,321
2016/12/01 05:00:00+00,Rail,Blue Line,1286666,61270,21,1593364.2,51399,31,322
2016/12/01 05:00:00+00,Ferry,Boat-F1,58582,2790,21,,,31,323
2016/12/01 05:00:00+00,Ferry,Boat-F3,18851,898,21,,,31,324
2016/12/01 05:00:00+00,Ferry,Boat-F4,10447,497,21,,,31,325
2016/12/01 05:00:00+00,Bus,Bus,7119231,339011,21,7732417,249432,31,326
2016/12/01 05:00:00+00,Commuter Rail,Commuter Rail,2732358,124198,22,2751074,88744,31,327
2016/12/01 05:00:00+00,Rail,Green Line,3668669,174699,21,4593935.7,148191,31,328
2016/12/01 05:00:00+00,Rail,Orange Line,4108977,195666,21,4904247.57,158202,31,329
2016/12/01 05:00:00+00,Rail,Red Line,4916564,234122,21,5834454.2,188208,31,330
2016/12/01 05:00:00+00,Bus,Silver Line,666184,31723,21,672813,21704,31,331
2016/12/01 05:00:00+00,The RIDE,The RIDE,145378,6923,21,178366,5754,31,332
2017/01/01 05:00:00+00,Rail,Blue Line,1233388,61669,20,1652563,50078,33,333
2017/01/01 05:00:00+00,Ferry,Boat-F1,63397,3019,21,,,33,334
2017/01/01 05:00:00+00,Ferry,Boat-F3,17594,838,21,,,33,335
2017/01/01 05:00:00+00,Ferry,Boat-F4,9486,452,21,,,33,336
2017/01/01 05:00:00+00,Bus,Bus,6857420,342871,20,8003644,242534,33,337
2017/01/01 05:00:00+00,Commuter Rail,Commuter Rail,2530346,126517,20,2835036,85910,33,338
2017/01/01 05:00:00+00,Rail,Green Line,3522211,176111,20,4798905.68,145421,33,339
2017/01/01 05:00:00+00,Rail,Orange Line,4120364,206018,20,5256903.770000001,159300,33,340
2017/01/01 05:00:00+00,Rail,Red Line,4908606,245430,20,6248087,189336,33,341
2017/01/01 05:00:00+00,Bus,Silver Line,668607,33430,20,704132,21337,33,342
2017/01/01 05:00:00+00,The RIDE,The RIDE,139868,6993,20,171395,5194,33,343
2017/02/01 05:00:00+00,Rail,Blue Line,1162523,61185,19,1407076.5,50253,28,344
2017/02/01 05:00:00+00,Ferry,Boat-F1,48613,2431,20,,,28,345
2017/02/01 05:00:00+00,Ferry,Boat-F3,16303,815,20,,,28,346
2017/02/01 05:00:00+00,Ferry,Boat-F4,10328,516,20,,,28,347
2017/02/01 05:00:00+00,Bus,Bus,6320900,332679,19,7301412,260764,28,348
2017/02/01 05:00:00+00,Commuter Rail,Commuter Rail,2366827,124570,19,2566103,91647,28,349
2017/02/01 05:00:00+00,Rail,Green Line,3480091,183163,19,4465770.359999999,159492,28,350
2017/11/01 04:00:00+00,Rail,Red Line,5363767,255418,21,6203772.7,206792,30,351
2017/11/01 04:00:00+00,Bus,Silver Line,689488,32833,21,836488,27883,30,352
2017/11/01 04:00:00+00,The RIDE,The RIDE,138249,6583,21,165945,5532,30,353
2017/12/01 05:00:00+00,Rail,Blue Line,1226618,61331,20,1551999.9,50065,31,354
2017/12/01 05:00:00+00,Ferry,Boat-F1,55481,2774,20,,,31,355
2017/12/01 05:00:00+00,Ferry,Boat-F3,18639,932,20,,,31,356
2017/12/01 05:00:00+00,Ferry,Boat-F4,10798,540,20,,,31,357
2017/12/01 05:00:00+00,Bus,Bus,6426027,321301,20,7942371,256206,31,358
2017/12/01 05:00:00+00,Commuter Rail,Commuter Rail,2411351,120568,20,2576307,83107,31,359
2017/12/01 05:00:00+00,Rail,Green Line,3260363,163018,20,4144465.63,133692,31,360
2017/12/01 05:00:00+00,Rail,Orange Line,3801709,190085,20,4599923.78,148385,31,361
2017/12/01 05:00:00+00,Rail,Red Line,4526872,226344,20,5401888.1,174254,31,362
2017/12/01 05:00:00+00,Bus,Silver Line,612362,30618,20,773517,24952,31,363
2017/12/01 05:00:00+00,The RIDE,The RIDE,126210,6311,20,157784,5090,31,364
2018/01/01 05:00:00+00,Rail,Blue Line,1219373,58065,21,1563053.1,47365,33,365
2018/01/01 05:00:00+00,Ferry,Boat-F1,37209,1691,22,,,33,366
2018/01/01 05:00:00+00,Ferry,Boat-F3,16867,767,22,,,33,367
2018/01/01 05:00:00+00,Ferry,Boat-F4,10109,460,22,,,33,368
2018/01/01 05:00:00+00,Bus,Bus,6840788,325752,21,8217400,249012,33,369
2018/01/01 05:00:00+00,Commuter Rail,Commuter Rail,2490280,118585,21,2766706,83840,33,370
2018/01/01 05:00:00+00,Rail,Green Line,3296590,156980,21,4250325.39,128798,33,371
2018/01/01 05:00:00+00,Rail,Orange Line,3957517,188453,21,4823779.3,146175,33,372
2018/01/01 05:00:00+00,Rail,Red Line,4674595,222600,21,5690572.2,172442,33,373
2018/01/01 05:00:00+00,Bus,Silver Line,635181,30247,21,786331,23828,33,374
2018/01/01 05:00:00+00,The RIDE,The RIDE,125370,5970,21,151483,4590,33,375
2018/02/01 05:00:00+00,Rail,Blue Line,1217039,64055,19,1512814.1,54029,28,376
2018/02/01 05:00:00+00,Ferry,Boat-F1,57076,2854,20,,,28,377
2018/02/01 05:00:00+00,Ferry,Boat-F3,18843,942,20,,,28,378
2018/02/01 05:00:00+00,Ferry,Boat-F4,12109,605,20,,,28,379
2018/02/01 05:00:00+00,Bus,Bus,6579569,346293,19,7965649,284488,28,380
2018/02/01 05:00:00+00,Commuter Rail,Commuter Rail,2289469,120498,19,2425717,86633,28,381
2018/02/01 05:00:00+00,Rail,Green Line,3349163,176272,19,4226532.69,150948,28,382
2018/02/01 05:00:00+00,Rail,Orange Line,3908354,205703,19,4673469.73,166910,28,383
2018/02/01 05:00:00+00,Rail,Red Line,4593842,241781,19,5500918.6,196461,28,384
2018/02/01 05:00:00+00,Bus,Silver Line,598648,31508,19,739721,26419,28,385
2018/02/01 05:00:00+00,The RIDE,The RIDE,124694,6563,19,150311,5368,28,386
2018/03/01 05:00:00+00,Rail,Blue Line,1325375,60244,22,1647712.5,53152,31,387
2018/03/01 05:00:00+00,Ferry,Boat-F1,58898,2677,22,,,31,388
2018/03/01 05:00:00+00,Ferry,Boat-F3,17698,804,22,,,31,389
2018/03/01 05:00:00+00,Ferry,Boat-F4,12214,555,22,,,31,390
2018/03/01 05:00:00+00,Bus,Bus,7162827,325583,22,8619946,278063,31,391
2018/03/01 05:00:00+00,Commuter Rail,Commuter Rail,2556696,116213,22,2708447,87369,31,392
2018/03/01 05:00:00+00,Rail,Green Line,3582887,162859,22,4528997.159999999,146097,31,393
2018/03/01 05:00:00+00,Rail,Orange Line,4188913,190405,22,5036650.83,162473,31,394
2018/03/01 05:00:00+00,Rail,Red Line,4997285,227149,22,6001784.4,193606,31,395
2018/03/01 05:00:00+00,Bus,Silver Line,688734,31306,22,842411,27175,31,396
2018/03/01 05:00:00+00,The RIDE,The RIDE,128248,5829,22,155627,5020,31,397
2018/04/01 04:00:00+00,Rail,Blue Line,1424222,67820,21,1771992.5,59066,30,398
2018/04/01 04:00:00+00,Ferry,Boat-F1,63282,3013,21,,,30,399
2018/04/01 04:00:00+00,Ferry,Boat-F3,20982,999,21,,,30,400
2021/01/01 05:00:00+00,Rail,Blue Line,400315,21069,19,576132,18585,31,401
2021/01/01 05:00:00+00,Bus,Bus,2638473,138867,19,3501554,112954,31,402
2021/01/01 05:00:00+00,Commuter Rail,Commuter Rail,222252,11697,19,255946,8256,31,403
2021/01/01 05:00:00+00,Ferry,Ferry,6264,330,19,6264,202,31,404
2021/01/01 05:00:00+00,Rail,Green Line,733702,38616,19,1056887,34093,31,405
2019/02/01 05:00:00+00,Bus,Silver Line,655079,34478,19,827339,29548,28,406
2021/01/01 05:00:00+00,Rail,Orange Line,900334,47386,19,1255781,40509,31,407
2021/01/01 05:00:00+00,Rail,Red Line,1003252,52803,19,1392431,44917,31,408
2019/02/01 05:00:00+00,The RIDE,The RIDE,110010,5790,19,138199,4936,28,409
2021/01/01 05:00:00+00,Bus,Silver Line,240789,12673,19,342824,11059,31,410
2019/03/01 05:00:00+00,Rail,Blue Line,1321537,62930,21,1638864,52867,31,411
2021/01/01 05:00:00+00,The RIDE,The RIDE,39419,2075,19,51681,1667,31,412
2019/03/01 05:00:00+00,Bus,Bus,7384595,351647,21,8690754,280347,31,413
2021/02/01 05:00:00+00,Rail,Blue Line,419302,22069,19,552548,19734,28,414
2019/03/01 05:00:00+00,Commuter Rail,Commuter Rail,2558136,121816,21,2628828,84801,31,415
2019/03/01 05:00:00+00,Ferry,Ferry,115773,5513,21,102937,3321,31,416
2021/02/01 05:00:00+00,Bus,Bus,2708986,142578,19,3423185,122257,28,417
2019/03/01 05:00:00+00,Rail,Green Line,3728685,177556,21,4692764,151379,31,418
2021/02/01 05:00:00+00,Commuter Rail,Commuter Rail,231936,12207,19,257158,9184,28,419
2019/03/01 05:00:00+00,Rail,Orange Line,4150058,197622,21,4996003,161161,31,420
2021/02/01 05:00:00+00,Ferry,Ferry,4074,214,19,4074,146,28,421
2021/12/01 05:00:00+00,Bus,Bus,4497860,195559,23,5438831,175446,31,422
2019/03/01 05:00:00+00,Rail,Red Line,5248193,249914,21,6256835,201833,31,423
2021/02/01 05:00:00+00,Rail,Green Line,814216,42853,19,1092775,39028,28,424
2021/12/01 05:00:00+00,Commuter Rail,Commuter Rail,1024813,44557,23,1141384,36819,31,425
2019/03/01 05:00:00+00,Bus,Silver Line,786680,37461,21,995833,32124,31,426
2021/02/01 05:00:00+00,Rail,Orange Line,949242,49960,19,1214637,43380,28,427
2021/12/01 05:00:00+00,Ferry,Ferry,31507,1370,23,32649,1053,31,428
2019/03/01 05:00:00+00,The RIDE,The RIDE,127197,6057,21,154294,4977,31,429
2021/02/01 05:00:00+00,Rail,Red Line,1054916,55522,19,1361622,48629,28,430
2021/12/01 05:00:00+00,Rail,Green Line,1916108,83309,23,2388560,77050,31,431
2019/04/01 04:00:00+00,Rail,Blue Line,1474893,67041,22,1777688,59256,30,432
2021/02/01 05:00:00+00,Bus,Silver Line,246434,12970,19,328957,11748,28,433
2021/12/01 05:00:00+00,Rail,Orange Line,2023699,87987,23,2458522,79307,31,434
2019/04/01 04:00:00+00,Bus,Bus,7715777,350717,22,8801806,293394,30,435
2021/02/01 05:00:00+00,The RIDE,The RIDE,39954,2103,19,48317,1726,28,436
2021/12/01 05:00:00+00,Rail,Red Line,2231045,97002,23,2674844,86285,31,437
2019/04/01 04:00:00+00,Commuter Rail,Commuter Rail,2655972,120726,22,2689704,89657,30,438
2021/03/01 05:00:00+00,Rail,Blue Line,559731,24336,23,690112,22262,31,439
2021/12/01 05:00:00+00,Bus,Silver Line,456036,19828,23,589137,19004,31,440
2019/04/01 04:00:00+00,Ferry,Ferry,113036,5138,22,118564,3952,30,441
2021/03/01 05:00:00+00,Bus,Bus,3583104,155787,23,4260481,137435,31,442
2021/12/01 05:00:00+00,The RIDE,The RIDE,64676,2812,23,75386,2432,31,443
2019/04/01 04:00:00+00,Rail,Green Line,4158917,189042,22,5044398,168147,30,444
2021/03/01 05:00:00+00,Commuter Rail,Commuter Rail,311316,13535,23,348892,11255,31,445
2022/01/01 05:00:00+00,Rail,Blue Line,617268,30863,20,797367,25722,31,446
2019/04/01 04:00:00+00,Rail,Orange Line,4492855,204221,22,5225900,174197,30,447
2021/03/01 05:00:00+00,Ferry,Ferry,6920,301,23,6920,223,31,448
2022/01/01 05:00:00+00,Bus,Bus,3835742,191787,20,4659493,150306,31,449
2019/04/01 04:00:00+00,Rail,Red Line,5637800,256264,22,6497257,216575,30,450
2021/03/01 05:00:00+00,Rail,Green Line,1078637,46897,23,1326665,42796,31,451
2022/01/01 05:00:00+00,Commuter Rail,Commuter Rail,729933,36497,20,848770,27380,31,452
2019/04/01 04:00:00+00,Bus,Silver Line,823061,37412,22,995353,33178,30,453
2021/03/01 05:00:00+00,Rail,Orange Line,1203963,52346,23,1450143,46779,31,454
2022/01/01 05:00:00+00,Ferry,Ferry,16591,830,20,17247,556,31,455
2019/04/01 04:00:00+00,The RIDE,The RIDE,133386,6063,22,157672,5256,30,456
2021/03/01 05:00:00+00,Rail,Red Line,1401101,60917,23,1703232,54943,31,457
2022/01/01 05:00:00+00,Rail,Green Line,1486916,74346,20,1955158,63070,31,458
2019/05/01 04:00:00+00,Rail,Blue Line,1510954,65694,23,1858843,59963,31,459
2021/03/01 05:00:00+00,Bus,Silver Line,328741,14293,23,407218,13136,31,460
2022/01/01 05:00:00+00,Rail,Orange Line,1573912,78696,20,1986122,64068,31,461
2019/05/01 04:00:00+00,Bus,Bus,7884810,342817,23,9148123,295100,31,462
2021/03/01 05:00:00+00,The RIDE,The RIDE,54953,2389,23,63048,2034,31,463
2022/01/01 05:00:00+00,Rail,Red Line,1709921,85496,20,2148255,69299,31,464
2019/05/01 04:00:00+00,Commuter Rail,Commuter Rail,2777871,120777,23,2702198,87168,31,465
2021/04/01 04:00:00+00,Rail,Blue Line,584176,26553,22,732545,24418,30,466
2022/01/01 05:00:00+00,Bus,Silver Line,369583,18479,20,483199,15587,31,467
2019/05/01 04:00:00+00,Ferry,Ferry,129168,5616,23,139499,4500,31,468
2021/04/01 04:00:00+00,Bus,Bus,3468676,157667,22,4315451,143848,30,469
2021/04/01 04:00:00+00,Commuter Rail,Commuter Rail,368443,16747,22,406368,13546,30,470
2021/04/01 04:00:00+00,Ferry,Ferry,8679,395,22,8679,289,30,471
2021/04/01 04:00:00+00,Rail,Green Line,1118899,50859,22,1406004,46867,30,472
2021/04/01 04:00:00+00,Rail,Orange Line,1251310,56878,22,1527832,50928,30,473
2021/04/01 04:00:00+00,Rail,Red Line,1482972,67408,22,1829137,60971,30,474
2021/04/01 04:00:00+00,Bus,Silver Line,324681,14758,22,423432,14114,30,475
2021/04/01 04:00:00+00,The RIDE,The RIDE,53632,2438,22,62512,2084,30,476
2021/05/01 04:00:00+00,Rail,Blue Line,590264,29513,20,816744,26347,31,477
2021/05/01 04:00:00+00,Bus,Bus,3635163,181758,20,4636156,149554,31,478
2021/05/01 04:00:00+00,Commuter Rail,Commuter Rail,475908,23795,20,538070,17357,31,479
2021/05/01 04:00:00+00,Ferry,Ferry,13076,654,20,13076,422,31,480
2021/05/01 04:00:00+00,Rail,Green Line,1084391,54220,20,1516471,48918,31,481
2021/05/01 04:00:00+00,Rail,Orange Line,1318475,65924,20,1775222,57265,31,482
2021/05/01 04:00:00+00,Rail,Red Line,1558519,77926,20,2084202,67232,31,483
2021/05/01 04:00:00+00,Bus,Silver Line,348164,17408,20,476610,15375,31,484
2021/05/01 04:00:00+00,The RIDE,The RIDE,52431,2622,20,64259,2073,31,485
2021/06/01 04:00:00+00,Rail,Blue Line,722199,32827,22,919406,30647,30,486
2021/06/01 04:00:00+00,Bus,Bus,4129144,187689,22,4954365,165146,30,487
2021/06/01 04:00:00+00,Commuter Rail,Commuter Rail,615247,27966,22,682581,22753,30,488
2021/06/01 04:00:00+00,Ferry,Ferry,39089,1777,22,50814,1694,30,489
2021/06/01 04:00:00+00,Rail,Green Line,1352831,61492,22,1724877,57496,30,490
2019/05/01 04:00:00+00,Rail,Green Line,3960256,172185,23,4853219,156555,31,491
2019/05/01 04:00:00+00,Rail,Orange Line,4528760,196903,23,5354899,172739,31,492
2019/05/01 04:00:00+00,Rail,Red Line,5681868,247038,23,6705541,216308,31,493
2019/05/01 04:00:00+00,Bus,Silver Line,850391,36974,23,1054740,34024,31,494
2019/05/01 04:00:00+00,The RIDE,The RIDE,138460,6020,23,162453,5240,31,495
2019/06/01 04:00:00+00,Rail,Blue Line,1423295,71165,20,1817989,60600,30,496
2019/06/01 04:00:00+00,Bus,Bus,6970275,348513,20,8430121,281004,30,497
2019/06/01 04:00:00+00,Commuter Rail,Commuter Rail,2394520,119726,20,2465906,82197,30,498
2019/06/01 04:00:00+00,Ferry,Ferry,141620,7081,20,167104,5570,30,499
2019/06/01 04:00:00+00,Rail,Green Line,3661246,183062,20,4628747,154292,30,500
2019/06/01 04:00:00+00,Rail,Orange Line,4135346,206767,20,5080673,169356,30,501
2019/06/01 04:00:00+00,Rail,Red Line,4996532,249827,20,6124291,204143,30,502
2019/06/01 04:00:00+00,Bus,Silver Line,765614,38281,20,986733,32891,30,503
2019/06/01 04:00:00+00,The RIDE,The RIDE,121120,6056,20,150073,5002,30,504
2019/07/01 04:00:00+00,Rail,Blue Line,1595001,72500,22,1986990,64096,31,505
2019/07/01 04:00:00+00,Bus,Bus,7440844,338220,22,8653636,279150,31,506
2019/07/01 04:00:00+00,Commuter Rail,Commuter Rail,2625150,119325,22,2669884,86125,31,507
2019/07/01 04:00:00+00,Ferry,Ferry,121000,5500,22,150474,4854,31,508
2019/07/01 04:00:00+00,Rail,Green Line,3965521,180251,22,4846481,156338,31,509
2019/07/01 04:00:00+00,Rail,Orange Line,4532500,206023,22,5350327,172591,31,510
2019/07/01 04:00:00+00,Rail,Red Line,5580380,253654,22,6558589,211567,31,511
2019/07/01 04:00:00+00,Bus,Silver Line,825192,37509,22,1024590,33051,31,512
2019/07/01 04:00:00+00,The RIDE,The RIDE,123486,5613,22,200568,6470,31,513
2019/08/01 04:00:00+00,Rail,Blue Line,1569038,71320,22,1941946,62643,31,514
2019/08/01 04:00:00+00,Bus,Bus,7338690,333577,22,8720653,281311,31,515
2019/08/01 04:00:00+00,Commuter Rail,Commuter Rail,2655004,120682,22,2800661,90344,31,516
2022/01/01 05:00:00+00,The RIDE,The RIDE,53865,2693,20,62548,2018,31,517
2022/02/01 05:00:00+00,Rail,Blue Line,678309,35700,19,887788,31707,28,518
2022/02/01 05:00:00+00,Bus,Bus,4119991,216842,19,5045702,180203,28,519
2022/02/01 05:00:00+00,Commuter Rail,Commuter Rail,846107,44532,19,970097,34646,28,520
2022/02/01 05:00:00+00,Ferry,Ferry,23784,1252,19,25274,903,28,521
2022/02/01 05:00:00+00,Rail,Green Line,1788066,94109,19,2394233,85508,28,522
2022/02/01 05:00:00+00,Rail,Orange Line,1805723,95038,19,2271725,81133,28,523
2022/02/01 05:00:00+00,Rail,Red Line,2055200,108168,19,2625136,93755,28,524
2022/02/01 05:00:00+00,Bus,Silver Line,397402,20916,19,512852,18316,28,525
2022/02/01 05:00:00+00,The RIDE,The RIDE,56920,2996,19,67034,2394,28,526
2022/03/01 05:00:00+00,Rail,Blue Line,913745,39728,23,1112833,35898,31,527
2022/03/01 05:00:00+00,Bus,Bus,5470492,237848,23,6313503,203661,31,528
2022/03/01 05:00:00+00,Commuter Rail,Commuter Rail,1330024,57827,23,1489943,48063,31,529
2022/03/01 05:00:00+00,Ferry,Ferry,45309,1970,23,47624,1536,31,530
2022/03/01 05:00:00+00,Rail,Green Line,2319955,100868,23,2861864,92318,31,531
2022/03/01 05:00:00+00,Rail,Orange Line,2375081,103264,23,2777631,89601,31,532
2022/03/01 05:00:00+00,Rail,Red Line,2838860,123429,23,3359469,108370,31,533
2022/03/01 05:00:00+00,Bus,Silver Line,549718,23901,23,669664,21602,31,534
2022/03/01 05:00:00+00,The RIDE,The RIDE,76406,3322,23,87827,2833,31,535
2022/04/01 04:00:00+00,Rail,Blue Line,779745,37131,21,1019266,33976,30,536
2022/04/01 04:00:00+00,Bus,Bus,4889521,232834,21,5927733,197591,30,537
2022/04/01 04:00:00+00,Commuter Rail,Commuter Rail,1319519,62834,21,1509267,50309,30,538
2022/04/01 04:00:00+00,Ferry,Ferry,48427,2306,21,52280,1743,30,539
2022/04/01 04:00:00+00,Rail,Green Line,2192050,104383,21,2878507,95950,30,540
2022/04/01 04:00:00+00,Rail,Orange Line,2233210,106343,21,2793194,93106,30,541
2022/04/01 04:00:00+00,Rail,Red Line,2682417,127734,21,3286475,109549,30,542
2022/04/01 04:00:00+00,Bus,Silver Line,533899,25424,21,676215,22541,30,543
2022/04/01 04:00:00+00,The RIDE,The RIDE,69279,3299,21,83670,2789,30,544
2022/05/01 04:00:00+00,Rail,Blue Line,600224,28582,21,808015,26065,31,545
2022/05/01 04:00:00+00,Bus,Bus,5126095,244100,21,6257742,201863,31,546
2022/05/01 04:00:00+00,Commuter Rail,Commuter Rail,1316186,62676,21,1526921,49256,31,547
2022/05/01 04:00:00+00,Ferry,Ferry,55231,2630,21,64332,2075,31,548
2022/05/01 04:00:00+00,Rail,Green Line,2034787,96895,21,2741708,88442,31,549
2022/05/01 04:00:00+00,Rail,Orange Line,2204981,104999,21,2825014,91129,31,550
2020/07/01 04:00:00+00,Rail,Green Line,622270,27055,23,758147,24456,31,551
2020/07/01 04:00:00+00,Rail,Orange Line,980535,42632,23,1186796,38284,31,552
2020/07/01 04:00:00+00,Rail,Red Line,1066068,46351,23,1279618,41278,31,553
2020/07/01 04:00:00+00,Bus,Silver Line,297526,12936,23,393234,12685,31,554
2020/07/01 04:00:00+00,The RIDE,The RIDE,43597,1896,23,60480,1951,31,555
2020/08/01 04:00:00+00,Rail,Blue Line,491557,23407,21,575160,18554,31,556
2020/08/01 04:00:00+00,Bus,Bus,2937396,139876,21,3843412,123981,31,557
2020/08/01 04:00:00+00,Commuter Rail,Commuter Rail,275983,13142,21,308476,9951,31,558
2020/08/01 04:00:00+00,Ferry,Ferry,18312,872,21,18319,591,31,559
2020/08/01 04:00:00+00,Rail,Green Line,749944,35712,21,987774,31864,31,560
2020/08/01 04:00:00+00,Rail,Orange Line,1017020,48430,21,1296660,41828,31,561
2020/08/01 04:00:00+00,Rail,Red Line,1134155,54007,21,1458827,47059,31,562
2020/08/01 04:00:00+00,Bus,Silver Line,280178,13342,21,385679,12441,31,563
2020/08/01 04:00:00+00,The RIDE,The RIDE,40673,1937,21,55066,1776,31,564
2020/09/01 04:00:00+00,Rail,Blue Line,534765,25465,21,698212,23274,30,565
2020/09/01 04:00:00+00,Bus,Bus,3290779,156704,21,4099515,136651,30,566
2020/09/01 04:00:00+00,Commuter Rail,Commuter Rail,318769,14539,21,345989,11533,30,567
2020/09/01 04:00:00+00,Ferry,Ferry,16527,787,21,16534,551,30,568
2020/09/01 04:00:00+00,Rail,Green Line,966037,46002,21,1270411,42347,30,569
2020/09/01 04:00:00+00,Rail,Orange Line,1180225,56201,21,1508907,50297,30,570
2020/09/01 04:00:00+00,Rail,Red Line,1288872,61375,21,1644315,54810,30,571
2020/09/01 04:00:00+00,Bus,Silver Line,296861,14136,21,386212,12874,30,572
2020/09/01 04:00:00+00,The RIDE,The RIDE,45219,2153,21,60279,2009,30,573
2020/10/01 04:00:00+00,Rail,Blue Line,538534,24479,22,699029,22549,31,574
2020/10/01 04:00:00+00,Bus,Bus,3397061,154412,22,4216339,136011,31,575
2020/10/01 04:00:00+00,Commuter Rail,Commuter Rail,346828,15765,22,408247,13169,31,576
2020/10/01 04:00:00+00,Ferry,Ferry,12210,555,22,12203,394,31,577
2020/10/01 04:00:00+00,Rail,Green Line,1024202,46555,22,1350943,43579,31,578
2020/10/01 04:00:00+00,Rail,Orange Line,1235415,56155,22,1574354,50786,31,579
2020/10/01 04:00:00+00,Rail,Red Line,1354516,61569,22,1729511,55791,31,580
2020/10/01 04:00:00+00,Bus,Silver Line,313542,14252,22,403971,13031,31,581
2020/10/01 04:00:00+00,The RIDE,The RIDE,47342,2152,22,64297,2074,31,582
2020/11/01 04:00:00+00,Rail,Blue Line,456621,22831,20,604304,20143,30,583
2020/11/01 04:00:00+00,Bus,Bus,2998614,149930,20,3785357,126179,30,584
2020/11/01 04:00:00+00,Commuter Rail,Commuter Rail,342923,17146,20,387367,12912,30,585
2020/11/01 04:00:00+00,Ferry,Ferry,10280,514,20,11275,376,30,586
2020/11/01 04:00:00+00,Rail,Green Line,867656,43383,20,1146277,38209,30,587
2020/11/01 04:00:00+00,Rail,Orange Line,1044079,52204,20,1345735,44858,30,588
2020/11/01 04:00:00+00,Rail,Red Line,1144846,57242,20,1477327,49244,30,589
2020/11/01 04:00:00+00,Bus,Silver Line,275619,13781,20,365668,12189,30,590
2020/11/01 04:00:00+00,The RIDE,The RIDE,43975,2199,20,59815,1994,30,591
2020/12/01 05:00:00+00,Rail,Blue Line,451335,20515,22,560106,18068,31,592
2020/12/01 05:00:00+00,Bus,Bus,3082973,140135,22,3700267,119363,31,593
2020/12/01 05:00:00+00,Commuter Rail,Commuter Rail,293773,13353,22,327341,10559,31,594
2020/12/01 05:00:00+00,Ferry,Ferry,7876,358,22,7872,254,31,595
2020/12/01 05:00:00+00,Rail,Green Line,820629,37301,22,1015921,32772,31,596
2020/12/01 05:00:00+00,Rail,Orange Line,1028409,46746,22,1220244,39363,31,597
2020/12/01 05:00:00+00,Rail,Red Line,1143482,51976,22,1389002,44807,31,598
2020/12/01 05:00:00+00,Bus,Silver Line,292128,13279,22,371044,11969,31,599
2020/12/01 05:00:00+00,The RIDE,The RIDE,44471,2021,22,59636,1924,31,600
2019/08/01 04:00:00+00,Ferry,Ferry,123200,5600,22,151493,4887,31,601
2019/08/01 04:00:00+00,Rail,Green Line,3794895,172495,22,4643466,149789,31,602
2019/08/01 04:00:00+00,Rail,Orange Line,4423578,201072,22,5220991,168419,31,603
2019/08/01 04:00:00+00,Rail,Red Line,5451750,247807,22,6463959,208515,31,604
2019/08/01 04:00:00+00,Bus,Silver Line,823813,37446,22,1014331,32720,31,605
2019/08/01 04:00:00+00,The RIDE,The RIDE,125884,5722,22,202987,6548,31,606
2019/09/01 04:00:00+00,Rail,Blue Line,1521166,76058,20,1919750,63992,30,607
2019/09/01 04:00:00+00,Bus,Bus,7479428,373972,20,8969616,298987,30,608
2019/09/01 04:00:00+00,Commuter Rail,Commuter Rail,2386500,119325,20,2553903,85130,30,609
2019/09/01 04:00:00+00,Ferry,Ferry,135280,6764,20,148822,4961,30,610
2019/09/01 04:00:00+00,Rail,Green Line,3869417,193471,20,4903676,163456,30,611
2019/09/01 04:00:00+00,Rail,Orange Line,4505587,225279,20,5371381,179046,30,612
2019/09/01 04:00:00+00,Rail,Red Line,5485803,274290,20,6639955,221332,30,613
2019/09/01 04:00:00+00,Bus,Silver Line,738886,36944,20,933957,31132,30,614
2019/09/01 04:00:00+00,The RIDE,The RIDE,117000,5850,20,158647,5288,30,615
2019/10/01 04:00:00+00,Rail,Blue Line,1691330,73536,23,1970127,63552,31,616
2019/10/01 04:00:00+00,Bus,Bus,8528800,370818,23,9744683,314345,31,617
2019/10/01 04:00:00+00,Commuter Rail,Commuter Rail,2799238,121706,23,2911497,93919,31,618
2019/10/01 04:00:00+00,Ferry,Ferry,136022,5914,23,160480,5177,31,619
2019/10/01 04:00:00+00,Rail,Green Line,4263843,185384,23,4968201,160265,31,620
2019/10/01 04:00:00+00,Rail,Orange Line,5021380,218321,23,5258169,169618,31,621
2019/10/01 04:00:00+00,Rail,Red Line,6281604,273113,23,7164378,231109,31,622
2019/10/01 04:00:00+00,Bus,Silver Line,894937,38910,23,1071939,34579,31,623
2019/10/01 04:00:00+00,The RIDE,The RIDE,137172,5964,23,146004,4710,31,624
2019/11/01 04:00:00+00,Rail,Blue Line,1370955,68548,20,1692175,56406,30,625
2019/11/01 04:00:00+00,Bus,Bus,7075494,353775,20,8527062,284235,30,626
2019/11/01 04:00:00+00,Commuter Rail,Commuter Rail,2447860,122393,20,2797188,93240,30,627
2019/11/01 04:00:00+00,Ferry,Ferry,105200,5260,20,147331,4911,30,628
2019/11/01 04:00:00+00,Rail,Green Line,3510859,175543,20,4280366,142679,30,629
2019/11/01 04:00:00+00,Rail,Orange Line,4165782,208289,20,4680848,156028,30,630
2019/11/01 04:00:00+00,Rail,Red Line,5144157,257208,20,5843990,194800,30,631
2019/11/01 04:00:00+00,Bus,Silver Line,829138,41457,20,1024992,34166,30,632
2019/11/01 04:00:00+00,The RIDE,The RIDE,115260,5763,20,108256,3609,30,633
2019/12/01 05:00:00+00,Rail,Blue Line,1310945,62426,21,1626513,52468,31,634
2019/12/01 05:00:00+00,Bus,Bus,6687806,318466,21,7991149,257779,31,635
2019/12/01 05:00:00+00,Commuter Rail,Commuter Rail,2538270,120870,21,2679997,86452,31,636
2019/12/01 05:00:00+00,Ferry,Ferry,93492,4452,21,140704,4539,31,637
2019/12/01 05:00:00+00,Rail,Green Line,3267278,155585,21,4011537,129404,31,638
2019/12/01 05:00:00+00,Rail,Orange Line,3895916,185520,21,4607713,148636,31,639
2019/12/01 05:00:00+00,Rail,Red Line,4735624,225506,21,5341073,172293,31,640
2019/12/01 05:00:00+00,Bus,Silver Line,739832,35230,21,910832,29382,31,641
2019/12/01 05:00:00+00,The RIDE,The RIDE,109914,5234,21,95797,3090,31,642
2020/01/01 05:00:00+00,Rail,Blue Line,1397179,66532,21,1761812,56833,31,643
2020/01/01 05:00:00+00,Bus,Bus,7358106,350386,21,8720857,281318,31,644
2020/01/01 05:00:00+00,Commuter Rail,Commuter Rail,2506182,119342,21,2751882,88770,31,645
2020/01/01 05:00:00+00,Ferry,Ferry,106785,5085,21,149484,4822,31,646
2020/01/01 05:00:00+00,Rail,Green Line,3473442,165402,21,4380768,141315,31,647
2020/01/01 05:00:00+00,Rail,Orange Line,4321821,205801,21,5041751,162637,31,648
2020/01/01 05:00:00+00,Rail,Red Line,5260299,250490,21,6286266,202783,31,649
2020/01/01 05:00:00+00,Bus,Silver Line,778615,37077,21,973248,31395,31,650
2021/06/01 04:00:00+00,Rail,Orange Line,1612670,73303,22,1995451,66515,30,651
2021/06/01 04:00:00+00,Rail,Red Line,1946359,88471,22,2420917,80697,30,652
2021/06/01 04:00:00+00,Bus,Silver Line,418916,19042,22,526528,17551,30,653
2021/06/01 04:00:00+00,The RIDE,The RIDE,58594,2663,22,68711,2290,30,654
2021/07/01 04:00:00+00,Rail,Blue Line,738205,33555,22,987719,31862,31,655
2021/07/01 04:00:00+00,Bus,Bus,4014668,182485,22,5005340,161462,31,656
2021/07/01 04:00:00+00,Commuter Rail,Commuter Rail,649985,29545,22,771532,24888,31,657
2021/07/01 04:00:00+00,Ferry,Ferry,53003,2409,22,68016,2194,31,658
2021/07/01 04:00:00+00,Rail,Green Line,1677128,76233,22,2228599,71890,31,659
2021/07/01 04:00:00+00,Rail,Orange Line,1714910,77950,22,2233289,72042,31,660
2021/07/01 04:00:00+00,Rail,Red Line,2073657,94257,22,2692995,86871,31,661
2021/07/01 04:00:00+00,Bus,Silver Line,437004,19864,22,576309,18591,31,662
2021/07/01 04:00:00+00,The RIDE,The RIDE,56089,2550,22,67121,2165,31,663
2021/08/01 04:00:00+00,Rail,Blue Line,791034,35956,22,1026682,33119,31,664
2021/08/01 04:00:00+00,Bus,Bus,4328505,196751,22,5243797,169154,31,665
2021/08/01 04:00:00+00,Commuter Rail,Commuter Rail,736562,33480,22,860464,27757,31,666
2021/08/01 04:00:00+00,Ferry,Ferry,50021,2274,22,63607,2052,31,667
2021/08/01 04:00:00+00,Rail,Green Line,1812627,82392,22,2308907,74481,31,668
2021/08/01 04:00:00+00,Rail,Orange Line,1872653,85121,22,2351879,75867,31,669
2021/08/01 04:00:00+00,Rail,Red Line,2253065,102412,22,2825162,91134,31,670
2021/08/01 04:00:00+00,Bus,Silver Line,468132,21279,22,593842,19156,31,671
2021/08/01 04:00:00+00,The RIDE,The RIDE,56713,2578,22,67155,2166,31,672
2021/09/01 04:00:00+00,Rail,Blue Line,858551,40883,21,1122408,37414,30,673
2021/09/01 04:00:00+00,Bus,Bus,5014310,238776,21,6026467,200882,30,674
2021/09/01 04:00:00+00,Commuter Rail,Commuter Rail,978777,46608,21,1135782,37859,30,675
2021/09/01 04:00:00+00,Ferry,Ferry,41106,1957,21,51686,1723,30,676
2021/09/01 04:00:00+00,Rail,Green Line,2283557,108741,21,3000467,100016,30,677
2021/09/01 04:00:00+00,Rail,Orange Line,2160932,102902,21,2737988,91266,30,678
2021/09/01 04:00:00+00,Rail,Red Line,2718541,129454,21,3403839,113461,30,679
2021/09/01 04:00:00+00,Bus,Silver Line,487975,23237,21,628547,20952,30,680
2021/09/01 04:00:00+00,The RIDE,The RIDE,61257,2917,21,75787,2526,30,681
2021/10/01 04:00:00+00,Rail,Blue Line,876422,41734,21,1163572,37535,31,682
2021/10/01 04:00:00+00,Bus,Bus,5081598,241981,21,6213440,200434,31,683
2021/10/01 04:00:00+00,Commuter Rail,Commuter Rail,1086358,51731,21,1361595,43922,31,684
2021/10/01 04:00:00+00,Ferry,Ferry,36871,1756,21,43954,1418,31,685
2021/10/01 04:00:00+00,Rail,Green Line,2284689,108795,21,3047920,98320,31,686
2021/10/01 04:00:00+00,Rail,Orange Line,2246083,106956,21,2919098,94164,31,687
2021/10/01 04:00:00+00,Rail,Red Line,2676646,127459,21,3428527,110598,31,688
2021/10/01 04:00:00+00,Bus,Silver Line,505493,24071,21,656469,21176,31,689
2021/10/01 04:00:00+00,The RIDE,The RIDE,64281,3061,21,78976,2548,31,690
2021/11/01 04:00:00+00,Rail,Blue Line,806916,38425,21,1023665,34122,30,691
2021/11/01 04:00:00+00,Bus,Bus,4947040,235574,21,5877689,195923,30,692
2021/11/01 04:00:00+00,Commuter Rail,Commuter Rail,1122143,53435,21,1316818,43894,30,693
2021/11/01 04:00:00+00,Ferry,Ferry,37799,1800,21,40721,1357,30,694
2021/11/01 04:00:00+00,Rail,Green Line,2142171,102008,21,2698728,89958,30,695
2021/11/01 04:00:00+00,Rail,Orange Line,2180304,103824,21,2695651,89855,30,696
2021/11/01 04:00:00+00,Rail,Red Line,2517633,119887,21,3063867,102129,30,697
2021/11/01 04:00:00+00,Bus,Silver Line,489273,23299,21,611697,20390,30,698
2021/11/01 04:00:00+00,The RIDE,The RIDE,59934,2854,21,74533,2484,30,699
2021/12/01 05:00:00+00,Rail,Blue Line,786707,34205,23,976287,31493,31,700
2022/05/01 04:00:00+00,Rail,Red Line,2702706,128700,21,3483042,112356,31,701
2022/05/01 04:00:00+00,Bus,Silver Line,570479,27166,21,742657,23957,31,702
2022/05/01 04:00:00+00,The RIDE,The RIDE,71654,3257,21,85959,2773,31,703
2022/06/01 04:00:00+00,Rail,Blue Line,919814,41810,22,1152060,38402,30,704
2022/06/01 04:00:00+00,Bus,Bus,5276170,239826,22,6237320,207911,30,705
2022/06/01 04:00:00+00,Commuter Rail,Commuter Rail,1456140,66188,22,1629720,54324,30,706
2022/06/01 04:00:00+00,Ferry,Ferry,73004,3318,22,86766,2892,30,707
2022/06/01 04:00:00+00,Rail,Green Line,2176675,98940,22,2711185,90373,30,708
2022/06/01 04:00:00+00,Rail,Orange Line,2389392,108609,22,2869831,95661,30,709
2022/06/01 04:00:00+00,Rail,Red Line,2856478,129840,22,3431343,114378,30,710
2022/06/01 04:00:00+00,Bus,Silver Line,573015,26046,22,710409,23680,30,711
2022/06/01 04:00:00+00,The RIDE,The RIDE,73854,3357,22,87237,2908,30,712
2022/07/01 04:00:00+00,Rail,Blue Line,860415,43021,20,1208003,38968,31,713
2022/07/01 04:00:00+00,Bus,Bus,4625947,231297,20,5925119,191133,31,714
2022/07/01 04:00:00+00,Commuter Rail,Commuter Rail,1352286,67614,20,1554254,50137,31,715
2022/07/01 04:00:00+00,Ferry,Ferry,82336,4117,20,109055,3518,31,716
2022/07/01 04:00:00+00,Rail,Green Line,2326747,116337,20,3226221,104072,31,717
2022/07/01 04:00:00+00,Rail,Orange Line,1996881,99844,20,2611221,84233,31,718
2022/07/01 04:00:00+00,Rail,Red Line,2657985,132899,20,3391153,109392,31,719
2022/07/01 04:00:00+00,Bus,Silver Line,534787,26739,20,721943,23288,31,720
2022/07/01 04:00:00+00,The RIDE,The RIDE,67032,3352,20,82467,2660,31,721
2022/08/01 04:00:00+00,Rail,Blue Line,971488,42239,23,1228553,39631,31,722
2022/08/01 04:00:00+00,Bus,Bus,5297690,230334,23,6287095,202810,31,723
2022/08/01 04:00:00+00,Commuter Rail,Commuter Rail,1717271,74664,23,1875880,60512,31,724
2022/08/01 04:00:00+00,Ferry,Ferry,91008,3957,23,113439,3659,31,725
2022/08/01 04:00:00+00,Rail,Green Line,2432333,105754,23,3059510,98694,31,726
2022/08/01 04:00:00+00,Rail,Orange Line,1565944,68085,23,1848111,59616,31,727
2022/08/01 04:00:00+00,Rail,Red Line,2882976,125347,23,3488313,112526,31,728
2022/08/01 04:00:00+00,Bus,Silver Line,631876,27473,23,779211,25136,31,729
2022/08/01 04:00:00+00,The RIDE,The RIDE,76245,3466,23,89273,2880,31,730
2022/09/01 04:00:00+00,Rail,Blue Line,1013280,48251,21,1317882,43929,30,731
2022/09/01 04:00:00+00,Bus,Bus,5508602,262314,21,6616814,220560,30,732
2022/09/01 04:00:00+00,Commuter Rail,Commuter Rail,1731028,82430,21,1955305,65177,30,733
2022/09/01 04:00:00+00,Ferry,Ferry,75126,3415,21,92489,3083,30,734
2022/09/01 04:00:00+00,Rail,Green Line,2655913,126472,21,3454280,115143,30,735
2022/09/01 04:00:00+00,Rail,Orange Line,1184230,56392,21,1375056,45835,30,736
2022/09/01 04:00:00+00,Rail,Red Line,2929320,139491,21,3637251,121242,30,737
2022/09/01 04:00:00+00,Bus,Silver Line,600894,28614,21,743786,24793,30,738
2022/09/01 04:00:00+00,The RIDE,The RIDE,75614,3437,21,88976,2966,30,739
2022/10/01 04:00:00+00,Rail,Blue Line,983389,46828,21,1318541,42534,31,740
2022/10/01 04:00:00+00,Bus,Bus,5500695,261938,21,6775570,218567,31,741
2022/10/01 04:00:00+00,Commuter Rail,Commuter Rail,1764085,84004,21,2105849,67931,31,742
2022/10/01 04:00:00+00,Ferry,Ferry,68437,3111,21,79689,2571,31,743
2022/10/01 04:00:00+00,Rail,Green Line,2560380,121923,21,3457100,111519,31,744
2022/10/01 04:00:00+00,Rail,Orange Line,2209360,105208,21,2855984,92129,31,745
2022/10/01 04:00:00+00,Rail,Red Line,2959789,140942,21,3741301,120687,31,746
2022/10/01 04:00:00+00,Bus,Silver Line,587607,27981,21,758539,24469,31,747
2022/10/01 04:00:00+00,The RIDE,The RIDE,73101,3481,21,89414,2884,31,748
2022/11/01 04:00:00+00,Rail,Blue Line,930128,44292,21,1194637,39821,30,749
2022/11/01 04:00:00+00,Bus,Bus,5293748,252083,21,6312454,210415,30,750
2020/01/01 05:00:00+00,The RIDE,The RIDE,117180,5580,21,113900,3674,31,751
2020/02/01 05:00:00+00,Rail,Blue Line,1277354,67229,19,1607164,55419,29,752
2020/02/01 05:00:00+00,Bus,Bus,6745082,355004,19,8235565,283985,29,753
2020/02/01 05:00:00+00,Commuter Rail,Commuter Rail,2267555,119345,19,2415976,83310,29,754
2020/02/01 05:00:00+00,Ferry,Ferry,100833,5307,19,140662,4850,29,755
2020/02/01 05:00:00+00,Rail,Green Line,3260192,171589,19,4111130,141763,29,756
2020/02/01 05:00:00+00,Rail,Orange Line,3954096,208110,19,4558025,157173,29,757
2020/02/01 05:00:00+00,Rail,Red Line,4848407,255179,19,5777034,199208,29,758
2020/02/01 05:00:00+00,Bus,Silver Line,709788,37357,19,901915,31101,29,759
2020/02/01 05:00:00+00,The RIDE,The RIDE,109801,5779,19,98059,3381,29,760
2020/03/01 05:00:00+00,Rail,Blue Line,823532,37433,22,990544,31953,31,761
2020/03/01 05:00:00+00,Bus,Bus,4649584,211345,22,5504038,177549,31,762
2020/03/01 05:00:00+00,Commuter Rail,Commuter Rail,1003246,45602,22,1047559,33792,31,763
2020/03/01 05:00:00+00,Ferry,Ferry,66440,3020,22,86936,2804,31,764
2020/03/01 05:00:00+00,Rail,Green Line,1715174,77962,22,2035024,65646,31,765
2020/03/01 05:00:00+00,Rail,Orange Line,2249698,102259,22,2614438,84337,31,766
2020/03/01 05:00:00+00,Rail,Red Line,2676225,121647,22,3081763,99412,31,767
2020/03/01 05:00:00+00,Bus,Silver Line,479125,21778,22,592061,19099,31,768
2020/03/01 05:00:00+00,The RIDE,The RIDE,65225,2965,22,67365,2173,31,769
2020/04/01 04:00:00+00,Rail,Blue Line,167665,7621,22,204396,6813,30,770
2020/04/01 04:00:00+00,Bus,Bus,1695919,77087,22,2115394,70513,30,771
2020/04/01 04:00:00+00,Commuter Rail,Commuter Rail,52726,2397,22,55013,1834,30,772
2020/04/01 04:00:00+00,Ferry,Ferry,,,22,0,,30,773
2020/04/01 04:00:00+00,Rail,Green Line,190670,8667,22,232847,7762,30,774
2020/04/01 04:00:00+00,Rail,Orange Line,383582,17436,22,463825,15461,30,775
2020/04/01 04:00:00+00,Rail,Red Line,434375,19744,22,529103,17637,30,776
2020/04/01 04:00:00+00,Bus,Silver Line,172252,7830,22,224480,7483,30,777
2020/04/01 04:00:00+00,The RIDE,The RIDE,20397,927,22,26954,898,30,778
2020/05/01 04:00:00+00,Rail,Blue Line,119521,5976,20,161186,5200,31,779
2020/05/01 04:00:00+00,Bus,Bus,1889808,94490,20,2597139,83779,31,780
2020/05/01 04:00:00+00,Commuter Rail,Commuter Rail,54478,2724,20,62083,2003,31,781
2020/05/01 04:00:00+00,Ferry,Ferry,,,20,0,,31,782
2020/05/01 04:00:00+00,Rail,Green Line,215007,10750,20,292649,9440,31,783
2020/05/01 04:00:00+00,Rail,Orange Line,408107,20405,20,548013,17678,31,784
2020/05/01 04:00:00+00,Rail,Red Line,472272,23614,20,635404,20497,31,785
2020/05/01 04:00:00+00,Bus,Silver Line,186356,9318,20,268072,8647,31,786
2020/05/01 04:00:00+00,The RIDE,The RIDE,25153,1258,20,35627,1149,31,787
2020/06/01 04:00:00+00,Rail,Blue Line,336590,15300,22,420098,14003,30,788
2020/06/01 04:00:00+00,Bus,Bus,2658286,120831,22,3333640,111121,30,789
2020/06/01 04:00:00+00,Commuter Rail,Commuter Rail,110959,5044,22,119415,3981,30,790
2020/06/01 04:00:00+00,Ferry,Ferry,,,22,2699,90,30,791
2020/06/01 04:00:00+00,Rail,Green Line,355293,16150,22,442697,14757,30,792
2020/06/01 04:00:00+00,Rail,Orange Line,717112,32596,22,878747,29292,30,793
2020/06/01 04:00:00+00,Rail,Red Line,765860,34812,22,940803,31360,30,794
2020/06/01 04:00:00+00,Bus,Silver Line,251742,11443,22,322397,10747,30,795
2020/06/01 04:00:00+00,The RIDE,The RIDE,38247,1739,22,52195,1740,30,796
2020/07/01 04:00:00+00,Rail,Blue Line,485562,21111,23,601730,19411,31,797
2020/07/01 04:00:00+00,Bus,Bus,3063922,133214,23,3913145,126230,31,798
2020/07/01 04:00:00+00,Commuter Rail,Commuter Rail,249088,10985,23,273907,8836,31,799
2020/07/01 04:00:00+00,Ferry,Ferry,15042,654,23,15042,485,31,800
2022/11/01 04:00:00+00,Commuter Rail,Commuter Rail,1675246,79774,21,1913514,63784,30,801
2022/11/01 04:00:00+00,Ferry,Ferry,60994,2772,21,64684,2156,30,802
2022/11/01 04:00:00+00,Rail,Green Line,2464968,117379,21,3162598,105420,30,803
2022/11/01 04:00:00+00,Rail,Orange Line,2187460,104165,21,2706887,90230,30,804
2022/11/01 04:00:00+00,Rail,Red Line,2828740,134702,21,3455569,115186,30,805
2022/11/01 04:00:00+00,Bus,Silver Line,581329,27682,21,733218,24441,30,806
2022/11/01 04:00:00+00,The RIDE,The RIDE,72490,3295,21,84969,2832,30,807
2022/12/01 05:00:00+00,Rail,Blue Line,847989,40380,21,1096139,35359,31,808
2022/12/01 05:00:00+00,Bus,Bus,4733062,225384,21,5750635,185504,31,809
2022/12/01 05:00:00+00,Commuter Rail,Commuter Rail,1541928,73425,21,1752446,56531,31,810
2022/12/01 05:00:00+00,Ferry,Ferry,48765,2217,21,50342,1624,31,811
2022/12/01 05:00:00+00,Rail,Green Line,2183221,103963,21,2839842,91608,31,812
2022/12/01 05:00:00+00,Rail,Orange Line,1979416,94258,21,2466131,79553,31,813
2022/12/01 05:00:00+00,Rail,Red Line,2474876,117851,21,2993597,96568,31,814
2022/12/01 05:00:00+00,Bus,Silver Line,515883,24566,21,673921,21739,31,815
2022/12/01 05:00:00+00,The RIDE,The RIDE,69212,3146,21,83404,2690,31,816
2023/01/01 05:00:00+00,Rail,Blue Line,826278,41314,20,1116134,36004,31,817
2023/01/01 05:00:00+00,Bus,Bus,4843446,242172,20,6026436,194401,31,818
2023/01/01 05:00:00+00,Commuter Rail,Commuter Rail,1640819,82041,20,1840509,59371,31,819
2023/01/01 05:00:00+00,Ferry,Ferry,53932,2451,20,57755,1863,31,820
2023/01/01 05:00:00+00,Rail,Green Line,2206401,110320,20,3019775,97412,31,821
2023/01/01 05:00:00+00,Rail,Orange Line,1971166,98558,20,2476149,79876,31,822
2023/01/01 05:00:00+00,Rail,Red Line,2472396,123620,20,3133314,101075,31,823
2023/01/01 05:00:00+00,Bus,Silver Line,505262,25263,20,675591,21793,31,824
2023/01/01 05:00:00+00,The RIDE,The RIDE,70378,3199,20,83708,2700,31,825
2023/02/01 05:00:00+00,Rail,Blue Line,820081,43162,19,1063319,37976,28,826
2023/02/01 05:00:00+00,Bus,Bus,4589920,241575,19,5592079,199717,28,827
2023/02/01 05:00:00+00,Commuter Rail,Commuter Rail,1531884,80625,19,1704568,60877,28,828
2023/02/01 05:00:00+00,Ferry,Ferry,48789,2218,19,50578,1806,28,829
2023/02/01 05:00:00+00,Rail,Green Line,2234148,117587,19,2921889,104353,28,830
2023/02/01 05:00:00+00,Rail,Orange Line,1880203,98958,19,2279401,81407,28,831
2023/02/01 05:00:00+00,Rail,Red Line,2337093,123005,19,2871170,102542,28,832
2023/02/01 05:00:00+00,Bus,Silver Line,465735,24512,19,596547,21305,28,833
2023/02/01 05:00:00+00,The RIDE,The RIDE,66080,3304,19,78197,2793,28,834
2023/03/01 05:00:00+00,Rail,Blue Line,1031519,44849,23,1269989,40967,31,835
2023/03/01 05:00:00+00,Bus,Bus,5879290,255621,23,6812317,219752,31,836
2023/03/01 05:00:00+00,Commuter Rail,Commuter Rail,1889751,82163,23,2106535,67953,31,837
2023/03/01 05:00:00+00,Ferry,Ferry,63672,2894,23,65883,2125,31,838
2023/03/01 05:00:00+00,Rail,Green Line,2664211,115835,23,3287289,106042,31,839
2023/03/01 05:00:00+00,Rail,Orange Line,2332041,101393,23,2730502,88081,31,840
2023/03/01 05:00:00+00,Rail,Red Line,2836598,123330,23,3241600,104568,31,841
2023/03/01 05:00:00+00,Bus,Silver Line,615675,26768,23,741245,23911,31,842
2023/03/01 05:00:00+00,The RIDE,The RIDE,82064,3568,23,94862,3060,31,843
2023/04/01 04:00:00+00,Rail,Blue Line,915968,45798,20,1226081,40869,30,844
2023/04/01 04:00:00+00,Bus,Bus,4952698,247635,20,6347726,211591,30,845
2023/04/01 04:00:00+00,Commuter Rail,Commuter Rail,1701832,85092,20,2075362,69179,30,846
2023/04/01 04:00:00+00,Ferry,Ferry,75162,3416,20,81549,2718,30,847
2023/04/01 04:00:00+00,Rail,Green Line,2514478,125724,20,3379047,112635,30,848
2023/04/01 04:00:00+00,Rail,Orange Line,2041560,102078,20,2530301,84343,30,849
2023/04/01 04:00:00+00,Rail,Red Line,2559602,127980,20,3141379,104713,30,850
2023/04/01 04:00:00+00,Bus,Silver Line,523782,26189,20,714204,23807,30,851
2023/04/01 04:00:00+00,The RIDE,The RIDE,70720,3536,20,87143,2905,30,852
2023/05/01 04:00:00+00,Rail,Blue Line,1062255,48284,22,1378765,44476,31,853
2023/05/01 04:00:00+00,Bus,Bus,5867238,266693,22,7017792,226380,31,854
2023/05/01 04:00:00+00,Commuter Rail,Commuter Rail,2056788,93490,22,2318035,74775,31,855
2023/05/01 04:00:00+00,Ferry,Ferry,94646,4302,22,111263,3589,31,856
2023/05/01 04:00:00+00,Rail,Green Line,2632445,119657,22,3364296,108526,31,857
2023/05/01 04:00:00+00,Rail,Orange Line,2235069,101594,22,2752676,88796,31,858
2023/05/01 04:00:00+00,Rail,Red Line,2835398,128882,22,3391252,109395,31,859
2023/05/01 04:00:00+00,Bus,Silver Line,653041,29684,22,819313,26429,31,860
2023/05/01 04:00:00+00,The RIDE,The RIDE,81719,3553,22,95704,3087,31,861
2023/06/01 04:00:00+00,Rail,Blue Line,1083549,49252,22,1361338,45378,30,862
2023/06/01 04:00:00+00,Bus,Bus,5530092,251368,22,6506803,216893,30,863
2023/06/01 04:00:00+00,Commuter Rail,Commuter Rail,2044565,92935,22,2288229,76274,30,864
2023/06/01 04:00:00+00,Ferry,Ferry,111753,5080,22,129884,4329,30,865
2023/06/01 04:00:00+00,Rail,Green Line,2458728,111760,22,3076007,102534,30,866
2023/06/01 04:00:00+00,Rail,Orange Line,2167324,98515,22,2632186,87740,30,867
2023/06/01 04:00:00+00,Rail,Red Line,2771939,125997,22,3357977,111933,30,868
2023/06/01 04:00:00+00,Bus,Silver Line,665353,30243,22,816953,27232,30,869
2023/06/01 04:00:00+00,The RIDE,The RIDE,78100,3550,22,91741,3058,30,870
2023/07/01 04:00:00+00,Rail,Blue Line,1012119,50606,20,1418568,45760,31,871
2023/07/01 04:00:00+00,Bus,Bus,4946173,247309,20,6300653,203247,31,872
2023/07/01 04:00:00+00,Commuter Rail,Commuter Rail,1861427,93071,20,2187378,70561,31,873
2023/07/01 04:00:00+00,Ferry,Ferry,136677,6213,20,177195,5716,31,874
2023/07/01 04:00:00+00,Rail,Green Line,1889599,94480,20,2578698,83184,31,875
2023/07/01 04:00:00+00,Rail,Orange Line,1990562,99528,20,2656511,85694,31,876
2023/07/01 04:00:00+00,Rail,Red Line,2485675,124284,20,3241811,104575,31,877
2023/07/01 04:00:00+00,Bus,Silver Line,616253,30813,20,825974,26644,31,878
2023/07/01 04:00:00+00,The RIDE,The RIDE,71967,3427,20,88664,2860,31,879
2023/08/01 04:00:00+00,Rail,Blue Line,1192710,51857,23,1515024,48872,31,880
2023/08/01 04:00:00+00,Bus,Bus,5611401,243974,23,6666127,215036,31,881
2023/08/01 04:00:00+00,Commuter Rail,Commuter Rail,2133281,92751,23,2396679,77312,31,882
2023/11/01 04:00:00+00,The RIDE,The RIDE,80432,3656,21,94920,3164,30,883
2023/08/01 04:00:00+00,Ferry,Ferry,152556,6633,23,196039,6324,31,884
2023/08/01 04:00:00+00,Rail,Green Line,2064223,89749,23,2642792,85251,31,885
2023/12/01 05:00:00+00,Rail,Blue Line,879538,43977,20,1183285,38170,31,886
2023/08/01 04:00:00+00,Rail,Orange Line,2304171,100181,23,2823763,91089,31,887
2023/12/01 05:00:00+00,Bus,Bus,4903999,245200,20,6201686,200054,31,888
2023/08/01 04:00:00+00,Rail,Red Line,2728212,118618,23,3287688,106054,31,889
2023/12/01 05:00:00+00,Commuter Rail,Commuter Rail,1877089,93854,20,2264824,73059,31,890
2023/08/01 04:00:00+00,Bus,Silver Line,710210,30879,23,876736,28282,31,891
2023/12/01 05:00:00+00,Ferry,Ferry,57186,2859,20,59871,1931,31,892
2023/08/01 04:00:00+00,The RIDE,The RIDE,82731,3597,23,97016,3130,31,893
2023/12/01 05:00:00+00,Rail,Green Line,1423481,71174,20,1923248,62040,31,894
2023/09/01 04:00:00+00,Rail,Blue Line,1012882,50644,20,1352023,45067,30,895
2023/12/01 05:00:00+00,Rail,Orange Line,1985307,99265,20,2583603,83342,31,896
2023/09/01 04:00:00+00,Bus,Bus,5609479,280474,20,6904339,230145,30,897
2023/12/01 05:00:00+00,Rail,Red Line,2155204,107760,20,2781114,89713,31,898
2023/09/01 04:00:00+00,Commuter Rail,Commuter Rail,1825185,91259,20,2117835,70594,30,899
2023/12/01 05:00:00+00,Bus,Silver Line,566533,28327,20,769111,24810,31,900
2023/09/01 04:00:00+00,Ferry,Ferry,102476,5124,20,120663,4022,30,901
2023/12/01 05:00:00+00,The RIDE,The RIDE,72072,3432,20,89966,2902,31,902
2023/09/01 04:00:00+00,Rail,Green Line,1912538,95627,20,2596340,86545,30,903
2024/01/01 05:00:00+00,Rail,Blue Line,892386,42495,21,1137482,36693,31,904
2023/09/01 04:00:00+00,Rail,Orange Line,2173928,108696,20,2773532,92451,30,905
2024/01/01 05:00:00+00,Bus,Bus,5304374,252589,21,6414210,206910,31,906
2023/09/01 04:00:00+00,Rail,Red Line,2614113,130706,20,3293113,109770,30,907
2024/01/01 05:00:00+00,Commuter Rail,Commuter Rail,2050154,97626,21,2356367,76012,31,908
2023/09/01 04:00:00+00,Bus,Silver Line,637690,31884,20,835741,27858,30,909
2024/01/01 05:00:00+00,Ferry,Ferry,69553,3312,21,71528,2307,31,910
2023/09/01 04:00:00+00,The RIDE,The RIDE,76629,3649,20,91812,3060,30,911
2024/01/01 05:00:00+00,Rail,Green Line,847664,40365,21,1072689,34603,31,912
2023/10/01 04:00:00+00,Rail,Blue Line,1116517,50751,22,1422580,45890,31,913
2024/01/01 05:00:00+00,Rail,Orange Line,2265993,107904,21,2804924,90481,31,914
2023/10/01 04:00:00+00,Bus,Bus,6041841,274629,22,7382864,238157,31,915
2024/01/01 05:00:00+00,Rail,Red Line,2307481,109880,21,2820630,90988,31,916
2023/10/01 04:00:00+00,Commuter Rail,Commuter Rail,2160511,98205,22,2548014,82194,31,917
2024/01/01 05:00:00+00,Bus,Silver Line,557230,26535,21,716178,23103,31,918
2023/10/01 04:00:00+00,Ferry,Ferry,110418,5019,22,121462,3918,31,919
2024/01/01 05:00:00+00,The RIDE,The RIDE,78430,3410,21,89863,2899,31,920
2023/10/01 04:00:00+00,Rail,Green Line,2097097,95323,22,2720940,87772,31,921
2024/02/01 05:00:00+00,Rail,Blue Line,867786,43389,20,1127169,38868,29,922
2023/10/01 04:00:00+00,Rail,Orange Line,2500465,113657,22,3089886,99674,31,923
2024/02/01 05:00:00+00,Bus,Bus,5325483,266274,20,6504772,224302,29,924
2023/10/01 04:00:00+00,Rail,Red Line,2683095,121959,22,3272891,105577,31,925
2024/02/01 05:00:00+00,Commuter Rail,Commuter Rail,1994039,99702,20,2291395,79014,29,926
2023/10/01 04:00:00+00,Bus,Silver Line,679341,30879,22,881434,28433,31,927
2024/02/01 05:00:00+00,Ferry,Ferry,62982,3149,20,66611,2297,29,928
2023/10/01 04:00:00+00,The RIDE,The RIDE,83732,3806,22,99606,3213,31,929
2023/11/01 04:00:00+00,Rail,Blue Line,1006989,47952,21,1282685,42756,30,930
2023/11/01 04:00:00+00,Bus,Bus,5628924,268044,21,6702907,223430,30,931
2023/11/01 04:00:00+00,Commuter Rail,Commuter Rail,2084911,99281,21,2342703,78090,30,932
2023/11/01 04:00:00+00,Ferry,Ferry,82819,3944,21,87668,2922,30,933
2023/11/01 04:00:00+00,Rail,Green Line,1732501,82500,21,2269526,75651,30,934
2023/11/01 04:00:00+00,Rail,Orange Line,2274354,108303,21,2761654,92055,30,935
2023/11/01 04:00:00+00,Rail,Red Line,2479743,118083,21,2969252,98975,30,936
2023/11/01 04:00:00+00,Bus,Silver Line,638204,30391,21,808932,26964,30,937
2024/02/01 05:00:00+00,Rail,Green Line,1394515,69726,20,1883810,64959,29,938
2024/02/01 05:00:00+00,Rail,Orange Line,2012491,100625,20,2498734,86163,29,939
2024/02/01 05:00:00+00,Rail,Red Line,2115585,105779,20,2610722,90025,29,940
2024/02/01 05:00:00+00,Bus,Silver Line,567882,28394,20,725807,25028,29,941
2024/02/01 05:00:00+00,The RIDE,The RIDE,75054,3574,20,88625,3056,29,942
2024/03/01 05:00:00+00,Rail,Blue Line,958314,45634,21,1259650,40634,31,943
2024/03/01 05:00:00+00,Bus,Bus,5798089,276099,21,7074289,228203,31,944
2024/03/01 05:00:00+00,Commuter Rail,Commuter Rail,2179134,103768,21,2456987,79258,31,945
2024/03/01 05:00:00+00,Ferry,Ferry,70838,3373,21,75290,2429,31,946
2024/03/01 05:00:00+00,Rail,Green Line,1657764,78941,21,2208323,71236,31,947
2024/03/01 05:00:00+00,Rail,Orange Line,2026736,96511,21,2575085,83067,31,948
2024/03/01 05:00:00+00,Rail,Red Line,2499645,119031,21,3074332,99172,31,949
2024/03/01 05:00:00+00,Bus,Silver Line,658405,31353,21,844945,27256,31,950
2024/03/01 05:00:00+00,The RIDE,The RIDE,82089,3909,21,100148,3231,31,951
2024/04/01 04:00:00+00,Rail,Blue Line,825297,37513,22,1021698,34057,30,952
2024/04/01 04:00:00+00,Bus,Bus,5718315,259923,22,6981285,232710,30,953
2024/04/01 04:00:00+00,Commuter Rail,Commuter Rail,2312422,105110,22,2541466,84716,30,954
2024/04/01 04:00:00+00,Ferry,Ferry,87622,3983,22,93989,3133,30,955
2024/04/01 04:00:00+00,Rail,Green Line,2055985,93454,22,2660864,88695,30,956
2024/04/01 04:00:00+00,Rail,Orange Line,2398515,109023,22,2845851,94862,30,957
2024/04/01 04:00:00+00,Rail,Red Line,2785651,126620,22,3343380,111446,30,958
2024/04/01 04:00:00+00,Bus,Silver Line,650934,29588,22,835010,27834,30,959
2024/04/01 04:00:00+00,The RIDE,The RIDE,83160,3780,22,97699,3257,30,960
2024/05/01 04:00:00+00,Rail,Blue Line,1072946,48770,22,1373447,44305,31,961
2024/05/01 04:00:00+00,Bus,Bus,6210738,282306,22,7404088,238842,31,962
2024/05/01 04:00:00+00,Commuter Rail,Commuter Rail,2405463,109339,22,2678145,86392,31,963
2024/05/01 04:00:00+00,Ferry,Ferry,110043,5002,22,126341,4076,31,964
2024/05/01 04:00:00+00,Rail,Green Line,1994557,90662,22,2607128,84101,31,965
2024/05/01 04:00:00+00,Rail,Orange Line,2156313,98014,22,2658311,85752,31,966
2024/05/01 04:00:00+00,Rail,Red Line,2544884,115677,22,3117512,100565,31,967
2024/05/01 04:00:00+00,Bus,Silver Line,707628,32165,22,883599,28503,31,968
2024/05/01 04:00:00+00,The RIDE,The RIDE,86894,3950,22,101725,3281,31,969
